"","tree","branch","path","tot_length","area","tot_area","volume","tot_volume","tot_stem_m","tot_no_twigs","tot_twig_m"
"1",1,1,385,2104.9,26389.4,197259.7,692721.2,2175104.4,13373.8,248,2705.8
"2",1,2,169,338,3044.2,27102.6,38813.6,209234,1339.7,34,425
"3",1,3,66,66,801.1,2802.3,3004.1,9508,69.6,10,72.1
"4",1,4,150,253,2890.3,21256.1,33238.1,160912.4,1051.7,24,352.9
"5",1,5,49,49,2001.2,2001.2,6503.9,6503.9,46.9,6,26.4
"6",1,6,130,233,1357.2,18365.8,16286,127674.3,838,24,352.9
"7",1,7,39,39,2940.5,2940.5,17643.2,17643.2,124.9,4,54.9
"8",1,8,121,185,2513.3,14068.1,25132.7,93745.1,623.7,20,298
"9",1,9,15,15,1225.2,1225.2,7963.9,7963.9,53,3,122.8
"10",1,10,13,13,653.5,653.5,2613.8,2613.8,16.8,1,8.9
"11",1,11,101,137,5717.7,9676.1,40023.9,58034.7,392.8,16,166.2
"12",1,12,36,36,1583.4,1583.4,5541.8,5541.8,37.1,7,0
"13",1,13,36,36,2375,2375,12469,12469,78.7,3,0
"14",1,14,80,80,9047.8,9047.8,81430.1,81430.1,478.7,13,432.3
"15",1,15,170.5,217,3091.3,17745.2,31686.1,135161.1,812,22,264
"16",1,16,19,19,895.4,895.4,3357.6,3357.6,21.7,3,22.7
"17",1,17,146.5,174,7916.8,13758.5,71251.3,100117.4,607.3,19,241.3
"18",1,18,76.5,104,1413.7,5841.7,10602.9,28866.1,178.2,8,112.7
"19",1,19,27.5,27.5,950.3,950.3,2613.4,2613.4,21.4,2,15.7
"20",1,20,61.5,61.5,3477.7,3477.7,15649.8,15649.8,105.4,6,97
"21",1,21,205.5,242.5,5711.4,19591.1,51402.7,134182.1,767.1,29,245.3
"22",1,22,13,13,857.7,857.7,4502.7,4502.7,27.5,2,22.2
"23",1,23,155,179,1976.1,13022,18278.6,78276.7,423.6,27,223.1
"24",1,24,24,24,1508,1508,7539.8,7539.8,45.6,3,77.2
"25",1,25,138,138,9537.9,9537.9,52458.3,52458.3,263.9,23,139.6
"26",1,26,305,1147.4,6531.4,97383.6,125728.9,922375.9,4600.1,149,1339.2
"27",1,27,130,130,3518.6,7942,28148.7,46585.2,304.4,16,143.3
"28",1,28,95,95,2280.8,4423.4,12544.4,18436.5,147.9,13,113.1
"29",1,29,62,62,2142.6,2142.6,5892.1,5892.1,60.9,9,48.6
"30",1,30,143,143,8985,8985,44924.8,44924.8,304.4,25,166.4
"31",1,31,278,847.4,12648.1,73925.2,192882.8,705137,3204.8,104,1014.3
"32",1,32,73.5,73.5,4133.2,4133.2,18496.2,18496.2,292.5,27,206.9
"33",1,33,67.4,67.4,3747.9,3747.9,16584.3,16584.3,95.1,9,67.7
"34",1,34,107.5,107.5,5403.5,5403.5,21614.2,21614.2,134.6,17,61
"35",1,35,212,533,6285.7,47992.5,76685.5,455559.5,1547.2,46,520
"36",1,36,86,86,5430.6,5430.6,27288.5,27288.5,138.5,11,85.3
"37",1,37,171,406,4783.1,36276.2,52015.9,351585.5,1024.5,33,420
"38",1,38,112,112,12689.5,14784.9,194149.7,201745.7,175.5,10,130.3
"39",1,40,46,46,2095.4,2095.4,7596,7596,41.5,6,37.9
"40",1,41,136,259,3599,16708.2,32211.1,97823.9,575.5,21,241
"41",1,42,51,51,2275.1,2275.1,8076.8,8076.8,51.7,1,21.8
"42",1,43,104,176,1021,10834.1,8295.8,57536,346,20,219.2
"43",1,44,50,50,2874.6,2874.6,13151.1,13151.1,67.3,5,48.4
"44",1,45,94,116,2695.5,6938.5,19272.7,36089.1,233.7,15,170.8
"45",1,46,22,22,905.4,905.4,2965.2,2965.2,22,5,26
"46",1,47,64,64,3337.6,3337.6,13851.2,13851.2,95.3,7,88.3
"47",2,1,268,685,11152.7,51235.6,139408.2,365781.1,2405.1,90,828.2
"48",2,2,26,26,1527.4,1527.4,7140.8,7140.8,43.2,2,30.7
"49",2,3,53,53,2480.9,2480.9,9241.4,9241.4,57.8,9,45.2
"50",2,4,109,109,6882.9,6882.9,34586.6,34586.6,177.3,15,95.2
"51",2,5,197,426,1813.3,29191.7,21805.3,175404.1,1013.3,64,657.1
"52",2,6,132,138,3647.4,8038.7,24619.9,40787.3,282.5,26,194.6
"53",2,7,6,6,309.1,309.1,1267.4,1267.4,10.1,2,29.4
"54",2,8,89,89,4082.2,4082.2,14900,14900,124.3,17,82
"55",2,9,185,276,5428.7,19339.7,43429.4,112811.5,594.7,36,390.5
"56",2,10,131,131,8107.5,8107.5,39929.5,39929.5,192.6,19,128
"57",2,11,91,91,5803.5,5803.5,29452.6,29452.6,138.7,8,91.2
"58",3,1,278.5,2381.5,13948.7,61391.6,209230.1,474444.7,2723.9,88,587.2
"59",3,2,121,238.5,7424.2,7424.2,39162.7,39162.7,189.2,12,65.8
"60",3,3,88,254,5003.9,5003.9,22642.8,22642.8,109,10,0
"61",3,4,189,409.5,7498.4,7498.4,41428.4,41428.4,258.2,10,164.5
"62",3,5,204.5,1405.5,2718.1,27516.4,27996.5,161980.7,971.1,55,355
"63",3,6,146,432.5,5889.9,5889.9,25326.4,25326.4,160,8,89.1
"64",3,7,183.5,952,2566.7,18908.4,24383.5,108657.8,638.2,47,265.9
"65",3,8,70.5,270,2990,2990,10091.3,10091.3,73.3,17,84
"66",3,9,162,660.5,2239.3,13351.7,18138.6,74183,440.7,30,140.8
"67",3,10,97,296.5,3077.8,3077.8,7771.5,7771.5,66.3,10,29.8
"68",3,11,140,342,5338.2,8034.6,38435,48272.9,260.9,19,93.4
"69",3,12,81,283,869.9,2696.4,4632.3,9837.9,71.4,16,32.1
"70",3,13,68,270,1826.5,1826.5,5205.6,5205.6,42.3,16,30.9
"71",4,1,425,7121.5,31101.8,207120.3,855298.6,2508958.5,16321.2,272,4459
"72",4,2,235.5,1289.5,7477,23108,88976.2,184508,1352.6,35,790.3
"73",4,3,113,304,2205.4,2205.4,8601.1,8601.1,73.1,7,51.5
"74",4,4,185.5,935.5,13425.6,13425.6,86930.7,86930.7,650.3,23,577.8
"75",4,5,259,850.5,20350.9,20350.9,153649.5,153649.5,815.5,32,323.4
"76",4,6,302,415,18708.5,24348.3,246484.5,296114.6,1401,24,915
"77",4,7,189,302,5639.8,5639.8,49630.1,49630.1,239.4,5,275.5
"78",4,8,201,756,8004.8,16678.1,78446.8,122463.8,903,34,377
"79",4,9,136,691,8673.3,8673.3,44017,44017,352.3,26,226.9
"80",4,10,186,537,7933.8,14708.5,72594.1,110500.6,731.3,25,436.4
"81",4,11,117,468,2687.6,6774.7,19821.3,37906.5,246.1,15,262.4
"82",4,12,88,439,4087.1,4087.1,18085.2,18085.2,133,14,175.6
"83",4,13,335,3183.5,14647.4,76824.7,275370.4,786423.4,4767.3,122,1616.9
"84",4,14,151.5,224.5,2113.3,2113.3,11464.9,11464.9,79.6,2,87.1
"85",4,15,124,414,4906.2,4906.2,19747.6,19747.6,146.6,16,198.7
"86",4,16,49.5,206.5,3079.1,3079.1,15241.4,15241.4,93.9,4,56.9
"87",4,17,273,2276.5,7373.9,52078.7,120195.3,464599.1,2772.8,89,1107
"88",4,18,91,351.5,6089.3,6089.3,32425.8,32425.8,178.9,10,131.9
"89",4,19,237,1889,1540.6,38615.5,23610.3,311978,1880.2,72,857.9
"90",4,20,150,466,6484.2,6484.2,34852.8,34852.8,147.8,18,83.4
"91",4,21,229,1415,10892.2,30590.7,148678.7,253514.9,1595,53,639
"92",4,22,165.5,535,6283.2,6283.2,25132.7,25132.7,192.4,15,98.1
"93",4,23,144,816.5,1138.5,13415.3,12893.7,79703.5,576.5,30,367.9
"94",4,24,136,377,5161,5161,19095.7,19095.7,138.2,14,102.9
"95",4,25,94,431.5,1847.3,7115.8,19396.2,47714.1,354.8,16,265
"96",4,26,80,417.5,5268.5,5268.5,28317.9,28317.9,229.4,17,205.1
"97",5,1,352,3956.5,22698,132140.3,482332.6,1344798.1,9101.9,154,3152.5
"98",5,2,227,587.5,14179.6,14179.6,104574.4,104574.4,750.1,20,618
"99",5,3,131,256,13621.6,16462.9,152221.7,171116.1,863,11,724.3
"100",5,4,34,159,2841.3,2841.3,18894.4,18894.4,98.2,3,182.8
"101",5,5,138.5,418,7012,12034.9,63108.3,89353.1,599.7,13,506.7
"102",5,6,76.5,356,5022.9,5022.9,26244.8,26244.8,188.8,7,210.7
"103",5,7,177.5,570,17189.2,17189.2,151694.9,151694.9,932.8,16,572.6
"104",5,8,267,2040,6948.1,49575.7,86330.2,345727,2245.5,94,730.9
"105",5,9,58,167,3006.5,3006.5,12401.8,12401.8,81.4,5,89
"106",5,10,222.5,1828.5,5405.1,39621.1,62834.4,246995,1609.8,88,634.7
"107",5,11,131,425,6831.7,6831.7,28351.6,28351.6,186.2,22,77.7
"108",5,12,60,199,3411.8,3411.8,15438.3,15438.3,106,9,76.4
"109",5,13,90,415.5,6022.4,6022.4,32069.5,32069.5,293.4,13,214.8
"110",5,14,185.5,752,3053.2,17950.1,26028.2,108301.2,634.8,36,174.5
"111",5,15,82.5,231,2928.7,2928.7,8273.7,8273.7,80.4,14,44.8
"112",5,16,157,492.5,2513.3,11968.2,20106.2,73999.3,410.4,22,129.7
"113",5,17,132,467.5,9454.9,9454.9,53893.1,53893.1,290.8,22,129.7
"114",6,1,374.5,1233.5,24033.2,133978.1,540746.6,1493698.7,9815.5,133,4311
"115",6,2,96.5,96.5,12672.2,12672.2,132424.9,132424.9,834.9,10,995.4
"116",6,3,183,183,18684.6,18684.6,151812.6,151812.6,883.7,27,1020.2
"117",6,4,165,165,14151.3,14151.3,96582.7,96582.7,725.9,21,415.7
"118",6,5,84,84,9975.2,9975.2,94265.5,94265.5,504,6,393.2
"119",6,6,289.5,620,15576,54461.6,208718.6,477866.4,3048,69,1486.5
"120",6,7,79,79,5484.9,5484.9,30304.1,30304.1,157.6,8,112.4
"121",6,8,197,448.5,4721.8,33400.7,59140.7,238843.7,1437.6,54,742.6
"122",6,9,34.5,34.5,1549.9,1549.9,5540.9,5540.9,43.5,6,59.3
"123",6,10,107,107,6857.5,6857.5,34973.1,34973.1,232.2,20,121
"124",6,11,167,277,7991.3,20271.5,83309,139189,831.5,27,560.8
"125",6,12,61,61,3200.3,3200.3,13361.4,13361.4,97.7,10,70.6
"126",6,13,49,49,2586.2,2586.2,10861.9,10861.9,83.8,8,84.9
"127",6,14,106,106,6493.7,6493.7,31656.7,31656.7,204.5,5,79.2
"128",7,1,192,417.5,10799.2,41027.1,148489.3,369960.4,2259.8,29,1329.9
"129",7,2,82.5,82.5,6686.9,6686.9,43130.4,43130.4,243,7,226.5
"130",7,3,129.5,272.5,1661.9,23541,19111.9,178340.7,921.4,22,1103.4
"131",7,4,71,71,4238,4238,20130.5,20130.5,128,5,93
"132",7,5,118,190,1109.8,17641.1,13067.5,139098.3,682.1,17,1010.4
"133",7,6,72,72,5338.2,5338.2,31495.3,31495.3,147,6,147.2
"134",7,7,110.5,110.5,10313.5,11193.1,91016.9,94535.5,470,11,469.5
"135",7,8,17.5,17.5,879.6,879.6,3518.6,3518.6,95.2,5,88.7
"136",8,1,310.5,1229,19792,139509.5,445320.8,1540869.1,9516.6,132,2995.2
"137",8,2,130,130,14906.9,14906.9,136025.1,136025.1,801.5,16,677.1
"138",8,3,240.5,1029,4479.9,104810.6,103038,959523.2,5658.1,116,2318.1
"139",8,4,158,158,18713.2,18713.2,176372,176372,817.8,16,534.1
"140",8,5,198,198,14680,14680,86612.2,86612.2,673.6,30,0
"141",8,6,225,225,21135.1,21135.1,157984.6,157984.6,1056.3,25,473.5
"142",8,7,217.5,432.5,8791.6,45802.4,126818.7,435516.4,2670.2,45,1310.5
"143",8,8,119,119,9907,9907,65634,65634,364.9,14,255
"144",8,9,169,265,6889.5,27103.8,87841.3,243063.7,1507.7,26,897.6
"145",8,10,126,126,9025.2,9025.2,51443.5,51443.5,393.6,15,242.2
"146",8,11,96,96,11189.1,11189.1,103778.9,103778.9,572.3,10,568.4
"147",9,1,429,1526,28682.7,172178.6,788775.4,2158214.8,14053.4,183,3798.6
"148",9,2,221,221,10362.2,21568.3,112430.2,181347.5,994.7,36,418.1
"149",9,3,145,145,11206.1,11206.1,68917.3,68917.3,315,27,195
"150",9,4,257.5,257.5,14857.8,29042.1,164179.2,270561.4,1632.3,26,1052.7
"151",9,5,150.5,150.5,14184.3,14184.3,106382.2,106382.2,503.1,19,393.6
"152",9,6,71,71,7516.9,7516.9,63329.8,63329.8,376.7,6,314.2
"153",9,7,346,893.5,4715.5,85368.6,93131.7,854200.7,5300.7,115,2013.6
"154",9,8,43,43,3944.6,3944.6,28795.5,28795.5,172.8,7,175.7
"155",9,9,327,831.5,2846.3,76708.5,53723.6,732273.5,4508.8,107,1816.7
"156",9,10,161.5,161.5,9995.1,9995.1,49226,49226,320.6,24,169.8
"157",9,11,315,658,15562.2,63867.1,267669.7,629323.9,3808.5,80,1636.8
"158",9,12,108,108,8312.7,8312.7,50915,50915,328.8,12,166.5
"159",9,13,243,478,5327.4,39992.2,79244.4,310739.2,1994.4,63,1058.8
"160",9,14,130,130,7555.5,7555.5,34944.3,34944.3,214.1,20,94.6
"161",9,15,105,105,7554,7554,43246.4,43246.4,255,15,144.2
"162",9,16,214.5,214.5,7226.3,19555.3,78405.3,153304.1,1043.6,27,628.8
"163",9,17,161.5,161.5,12329,12329,74898.8,74898.8,568.9,22,445
"164",10,1,335,1427.5,27233.8,164433.7,686292.7,1991149.5,14769.6,182,3792.1
"165",10,2,143,143,15364.3,15364.3,131364.5,131364.5,823.6,17,232.1
"166",10,3,187,187,18094.3,18094.3,139326.2,139326.2,967.9,25,343.8
"167",10,4,209,209,29284,29284,326517.1,326517.1,2197.9,28,969.5
"168",10,5,123.5,123.5,13351.8,16919.9,166897.1,193211.6,1326.1,17,924.3
"169",10,6,38.5,38.5,3568.1,3568.1,26314.5,26314.5,240.2,5,257.8
"170",10,7,249,679,12629.2,57537.4,189438,514437.4,4161,95,1321.4
"171",10,8,164,164,8861.8,8861.8,38105.8,38105.8,349.1,20,171.7
"172",10,9,131,131,6708.2,6708.2,27336.1,27336.1,344.7,18,149.5
"173",10,10,182,279,3879.9,26902.8,47916.4,247137.2,1670.2,40,788.8
"174",10,11,38,38,2435.4,2435.4,12420.3,12420.3,254.2,13,118.7
"175",10,12,157,254,4046.4,23022.9,46533.3,199220.8,1254.1,36,587.6
"176",10,13,97,97,3900.6,3900.6,12481.9,12481.9,134.9,17,70.5
"177",10,14,129,129,15075.9,15075.9,140205.6,140205.6,744.1,19,516.7
"178",11,1,344,1132,23777.9,131435.5,520142.2,1490612.3,9670.3,136,3337.8
"179",11,2,176.5,176.5,23898.6,23898.6,257507.1,257507.1,1464.2,22,1037.1
"180",11,3,107,107,10555.1,10555.1,82857.7,82857.7,497,12,310.9
"181",11,4,125.5,125.5,8553,11160.2,70562.1,83141.9,425.7,13,386
"182",11,5,158,158,14146.6,14146.6,100794.5,100794.5,544.7,25,266.4
"183",11,6,257.5,478.5,9958.8,47897.1,157847.8,446168.9,2952.2,64,1337.4
"184",11,7,132,132,9952.6,9952.6,59715.4,59715.4,484.4,26,298.1
"185",11,8,207.5,296.5,7171,27985.7,81032.3,228605.7,1535.1,36,917.3
"186",11,9,89,89,5228.6,5228.6,24443.5,24443.5,152.4,16,112.4
"187",11,10,157,157,15586.1,15586.1,123129.9,123129.9,815.4,18,617.2
"188",11,11,43,43,2607.2,2607.2,12579.8,12579.8,88.7,3,114.4
"189",12,1,215,478,9728.9,42675.6,134501.8,352110.6,2114.5,39,903.1
"190",12,2,126,126,5909.3,10704.9,50524.8,76301.4,489.2,14,414.7
"191",12,3,71,71,4795.6,4795.6,25776.6,25776.6,139.7,8,68.4
"192",12,4,159,296,3496.6,22241.8,32430.9,141307.4,729.5,24,413.6
"193",12,5,81,81,4682.2,4682.2,21538.3,21538.3,110.2,5,49.5
"194",12,6,56,56,3201.9,3201.9,14568.7,14568.7,77.1,6,75.1
"195",12,7,129,129,10861.1,10861.1,72769.5,72769.5,344.2,11,281.5
"196",13,1,463,11055.5,32232.7,261015.8,1087855,3989096.4,25101.7,233,4518.3
"197",13,2,281.5,671,15404.8,24225.3,179851,232994.5,1422.7,22,614.5
"198",13,3,176.5,566,8820.5,8820.5,53143.5,53143.5,288,11,86.2
"199",13,4,195,740,13916,13916,136376.8,136376.8,919.8,19,403.6
"200",13,5,58,411,7434.3,7434.3,75829.5,75829.5,679.8,6,0
"201",13,6,185.5,752.5,25221.3,30348.4,369492.5,421788.7,2725,25,1617.9
"202",13,7,48.5,615.5,5127.1,5127.1,52296.2,52296.2,361.1,11,466.8
"203",13,8,387,8405,21016.6,152859.1,566923.5,2034251.9,11869.8,156,1882.3
"204",13,9,121,1042.5,10985.8,10985.8,79372.7,79372.7,430.4,18,177.7
"205",13,10,325,7300.5,6718,120856.7,163247,1387955.7,8594.7,132,1421.4
"206",13,11,120,602.5,5473.9,13448.5,54191.7,120779.8,830.7,19,576.6
"207",13,12,166,543,4727.5,4727.5,24701,24701,183.1,17,0
"208",13,13,76,558.5,7974.6,7974.6,66588.1,66588.1,415.8,14,461.4
"209",13,14,303,6133,10505.5,95962.7,231120.7,1079227.9,6536.9,94,557.7
"210",13,15,136,1344,14014,14014,114914.9,114914.9,635.1,14,0
"211",13,16,179,461.5,6392.8,6392.8,27329.3,27329.3,169.9,8,0.6
"212",13,17,47,674.5,3115.5,3115.5,16434.4,16434.4,105.3,4,0
"213",13,18,265,3615,4071.5,61934.9,73287.1,689428.6,4300.9,66,557.1
"214",13,19,57,311.5,4566.3,4566.3,29110.2,29110.2,180.9,8,0
"215",13,20,247,3285.5,9176.9,53297.1,171837.6,587031.3,3604.9,58,557.1
"216",13,21,195.5,653.5,7519.7,7519.7,51134.1,51134.1,290.5,14,38.6
"217",13,22,208,2593,4321.3,36600.5,70760.6,364059.6,2337.8,42,518.5
"218",13,23,187,187,1538.1,1538.1,11074.5,11074.5,74.1,1,0
"219",13,24,76,296.5,4823,4823,24356,24356,144,7,0
"220",13,25,137,651.5,7092.1,7092.1,53368.4,53368.4,314.4,18,0
"221",13,26,141,1437,6609.9,18826,86920.3,204500.1,1307.5,15,83.6
"222",13,27,101,1397,12216.1,12216.1,117579.8,117579.8,681.2,15,0
"223",14,1,553,24130.8,44605.9,533892.3,2168962,10914622.9,71206.3,376,21435.8
"224",14,2,312,2826,13736.6,62475.9,283317.7,971314.3,7021.8,51,387.7
"225",14,3,79.5,125.5,883.6,883.6,8283.5,8283.5,79.5,3,270.4
"226",14,4,259,2647.5,13893.7,47855.7,251823.2,679713.1,4575.9,43,0
"227",14,5,186,1223,13537.8,13537.8,109655.8,109655.8,693,19,0
"228",14,6,198,1363.5,7358.9,20424.2,134667.3,318234.1,1853,13,0
"229",14,7,166,1331.5,13065.3,13065.3,183566.8,183566.8,1071.3,9,0
"230",14,8,441,2768.5,24185.6,74156.9,523012.5,1146625.5,7576.3,58,1183.1
"231",14,9,50.5,387,3537.9,3537.9,19723.8,19723.8,129.2,6,189.6
"232",14,10,352,2292.5,11367.7,46433.4,207744.6,603889.2,4018.4,39,993.5
"233",14,11,227,1057,7678.7,7678.7,46456,46456,329.7,9,0
"234",14,12,302.5,1186,16738.4,27387,247728.4,349688.6,2158.6,28,760.4
"235",14,13,212.5,1096,10648.6,10648.6,101960.2,101960.2,617.7,17,760.4
"236",14,14,247,1550.5,11505.8,43097.3,188119.3,540187.1,3261.6,39,1696.6
"237",14,15,141,272,4695.1,4695.1,28757.6,28757.6,229,7,359.6
"238",14,16,191,1222.5,7905.5,26896.4,138148.7,323310.2,1860,26,1234.7
"239",14,17,155,1186.5,18990.9,18990.9,185161.5,185161.5,1145.2,22,716.6
"240",14,18,233,1801.5,28466,40632.8,496019.5,610387,3671.5,27,2485.9
"241",14,19,103,1671.5,12166.8,12166.8,114367.5,114367.5,883.8,10,1154.6
"242",14,20,480,15111.3,31469.3,268923.5,1250906,5477147,35143.1,201,15681.9
"243",14,21,239,762.5,12129.7,12129.7,90062.9,90062.9,625.8,16,451.5
"244",14,22,417,14285.8,19726.1,225324.5,793973.9,4136178.1,26684.8,179,15072.9
"245",14,23,184,1562.5,27399.7,27399.7,324686.6,324686.6,1793.4,19,1663.6
"246",14,24,335,2368.5,31101.8,31101.8,384884.4,384884.4,2309.6,20,1740.1
"247",14,25,175,1581.3,26719.2,26719.2,324638.8,324638.8,1926.5,26,1665.8
"248",14,26,378,8734.5,24017.5,120377.7,834607.3,2307994.4,16132.9,108,9476.8
"249",14,27,250,922,9501.7,9501.7,62474,62474,801.6,20,745.5
"250",14,28,323,7757.5,5105.1,86858.5,165915.4,1410913.1,10580.2,82,8600
"251",14,29,164.5,1792.5,10071.3,10071.3,58917.2,58917.2,1813.3,23,1785.5
"252",14,30,310.5,5952.5,6785.8,71682.1,203575.2,1186080.5,7797.6,59,6814.5
"253",14,31,215,1215,10869.9,10869.9,94024.7,94024.7,688.7,13,788.8
"254",14,32,292.5,4719.5,5419.2,54026.4,155803.4,888480.6,5874.1,44,4520.7
"255",14,33,194,977,11576.8,11576.8,96955.4,96955.4,698.7,16,1054.2
"256",14,34,277.5,3727.5,12619.8,37030.4,324959.3,635721.8,4280,28,3464.4
"257",14,35,238.5,1803,9376.2,9376.2,71025,71025,679.9,11,753.7
"258",14,36,85,1885.5,6503.1,15034.4,146319.7,239737.5,1681.3,12,2339.7
"259",14,37,62,1862.5,8531.3,8531.3,93417.8,93417.8,680.8,6,1259.8
"260",15,1,604,17403,49668.6,379917.5,2309589,7827343.8,52695.6,295,21422.7
"261",15,2,188,5075,11306.9,56993.8,236597,795310.7,5644.4,59,3506.6
"262",15,3,106,673,12521.1,12521.1,117698.6,117698.6,677.6,10,573
"263",15,4,145,3440,25600.8,25600.8,359691.8,359691.8,2887,32,1834.6
"264",15,5,56,919,7565,7565,81323.3,81323.3,501.1,9,862.2
"265",15,6,256,1262,10201.4,54738.3,230041.1,854848.6,5895,41,4787.2
"266",15,7,131,654,7762.2,7762.2,82667.9,82667.9,549.5,7,933.2
"267",15,8,220,572,8052.5,36774.7,161251.9,542139.6,3550.9,32,2560.4
"268",15,9,188,540,23656.5,28722.2,346567.8,380887.7,2436.2,25,2373.9
"269",15,10,59.5,411.5,5065.7,5065.7,34319.9,34319.9,358.1,8,536.9
"270",15,11,210,2699.5,27717.6,27717.6,446254.1,446254.1,3023.7,17,2232
"271",15,12,244,1226,29849.2,42889.7,463409.1,557460.1,3879.4,37,2190.8
"272",15,13,62,382.5,4978.5,4978.5,37214.2,37214.2,205.8,5,290.9
"273",15,14,91,690.5,8062,8062,56836.8,56836.8,413.7,9,427.8
"274",15,15,519,7055.5,36492.7,147909.5,1204260.4,2863881.3,19039,138,8668.6
"275",15,16,180,544,9479.4,9479.4,76072.5,76072.5,490.9,18,569.4
"276",15,17,431,6423.5,14200,101937.4,401150,1583548.4,10326.5,96,6805.6
"277",15,18,85.5,566.5,10905.4,10905.4,110689.9,110689.9,742.9,20,1123.7
"278",15,19,322.5,947,19154.3,19154.3,217880.1,217880.1,1453,24,1211.4
"279",15,20,391,4870,9519,57677.7,240355.4,853828.4,5593.5,49,3922
"280",15,21,145,814.5,11803.6,11803.6,109773.4,109773.4,753.9,17,753.7
"281",15,22,361,4025.5,15723.7,36355.1,302680.7,503699.6,3533.7,31,2598.4
"282",15,23,152,756,2685.1,2685.1,17386.1,17386.1,136.4,4,541.5
"283",15,24,296,909,10335.8,10335.8,60723.1,60723.1,392.3,8,153.5
"284",15,25,140,2295.5,7610.5,7610.5,122909.7,122909.7,938.3,6,952.2
"285",17,1,419,2241,49458.1,348286.5,2139062.5,6443496.5,42532.7,308,16007.9
"286",17,2,172,396,8011.1,53675.3,170235.1,694896.4,4750.7,49,3372.3
"287",17,3,124,124,10868.7,10868.7,75808.9,75808.9,499.2,11,358.6
"288",17,4,142,242,6465.4,34795.5,135773.4,448852.4,3185.5,36,2839.4
"289",17,5,100,100,9393.4,9393.4,70215.4,70215.4,435.2,12,462.1
"290",17,6,117.5,117.5,18936.7,18936.7,242863.6,242863.6,1673.1,18,2231
"291",17,7,118.5,118.5,20252,20252,275426.7,275426.7,2158.6,17,2224.4
"292",17,8,210,393.5,14391,53475.9,294296.1,684502.7,4712.8,44,3780.6
"293",17,9,126,126,13260.7,13260.7,111058,111058,761.9,11,511.7
"294",17,10,154,154,14949.6,14949.6,115485.5,115485.5,639,15,397.6
"295",17,11,57.5,57.5,10874.6,10874.6,163663.1,163663.1,1015.5,11,2480.3
"296",17,12,328,1242,34306.2,171425.2,1029185.8,2649608.2,17580.5,193,6553.8
"297",17,13,162,162,17914.6,17914.6,157648.6,157648.6,1006.1,29,716.1
"298",17,14,180,180,16851.5,16851.5,125543.7,125543.7,868,39,480.1
"299",17,15,237,809,16336.3,102352.9,408407,1337230.1,8771.7,117,5054.7
"300",17,16,160,160,15783.4,15783.4,123899.4,123899.4,714.2,29,514.9
"301",17,17,110,110,11887.8,11887.8,102235,102235,566.3,18,530.6
"302",17,18,185,487,13618.8,58345.4,289399.6,702688.7,4677.5,59,3545.8
"303",17,19,134,134,10271.8,10271.8,62657.7,62657.7,440.9,19,398.6
"304",17,20,115,115,11416.5,11416.5,90190.7,90190.7,615.2,16,449.5
"305",17,21,88,187,5619.7,23038.3,96658.5,260440.7,1865.9,20,2148.5
"306",17,22,42,42,3338.3,3338.3,21114.5,21114.5,124.7,4,213.8
"307",17,23,62,62,5395.4,5395.4,37362.9,37362.9,273.6,10,412.7
"308",17,24,57,57,8684.9,8684.9,105304.8,105304.8,830.9,3,1233.5
"309",18,1,364,1657.5,51383.9,320085.3,2415042.8,6899846.5,38506.4,223,18704.2
"310",18,2,105,105,23255.6,23255.6,409880.6,409880.6,2201,10,1829.8
"311",18,3,182,182,14396.3,31136.6,219904.2,428320.8,2307.7,22,2048.1
"312",18,4,107,107,16740.3,16740.3,208416.6,208416.6,1035.9,12,2048.1
"313",18,5,218.5,379.5,17039.7,52223.6,316512.1,666893.4,4480.7,65,3420.3
"314",18,6,63.5,63.5,6084.5,6084.5,46394.2,46394.2,297.7,9,347.9
"315",18,7,145.5,243,6448.6,29099.4,108497.5,303987.1,2059,40,2573.3
"316",18,8,115,115,10766.2,10766.2,80208.5,80208.5,523.7,21,412.3
"317",18,9,97.5,97.5,11884.6,11884.6,115281.1,115281.1,955.4,14,1836.4
"318",18,10,187,187,19513.1,30005.1,315623.8,411887.7,2896.1,25,2724.4
"319",18,11,91,91,10492,10492,96263.9,96263.9,764.3,13,840.9
"320",18,12,277,717,18661.1,132080.5,629810.8,2567821.2,14827.5,97,8650.3
"321",18,13,135,135,15268.1,15268.1,137413.3,137413.3,706.9,16,531.6
"322",18,14,233,538,9110.6,98151.3,264207.9,1800597.1,10363.9,78,7784.3
"323",18,15,77,77,8732.7,8732.7,78812.5,78812.5,526.8,13,861
"324",18,16,208,436,25205,80308,712041.2,1457576.7,8377.7,60,6896.5
"325",18,17,82,82,10974.2,10974.2,116875.4,116875.4,719.1,12,836.1
"326",18,18,137,137,16269.1,16269.1,153742.5,153742.5,817.4,23,1146.6
"327",18,19,56,56,6790.9,6790.9,65531.9,65531.9,511.4,8,1063.9
"328",18,20,90,90,15670.3,21068.8,336910.7,409385.7,2728.4,14,3177.8
"329",18,21,32,32,5398.5,5398.5,72475,72475,579.7,5,1116.2
"330",19,1,437.5,1711,50563.9,333594.4,2338581.9,7471456.4,43982.6,212,18415.7
"331",19,2,153,206,11686.7,27246.7,181144.2,315401.7,1884.2,25,2797.7
"332",19,3,53,53,4662.1,4662.1,32634.9,32634.9,217.4,3,774.1
"333",19,4,93,93,10897.9,10897.9,101622.6,101622.6,713.4,15,871.1
"334",19,5,165,165,16795,16795,136039.1,136039.1,684.2,27,642.4
"335",19,6,153,153,23953.1,30268.3,397022.2,480541.1,3095.7,29,2512.8
"336",19,7,38,38,6315.2,6315.2,83518.9,83518.9,697.3,6,1059.8
"337",19,8,246,246,31315.4,47733.4,696767.6,856842.7,4889.1,33,3215.7
"338",19,9,134,134,16418,16418,160075.1,160075.1,849.5,19,1090.6
"339",19,10,350.5,854,39144.2,160987.1,1370048.6,3344049.9,19821.6,96,9143.3
"340",19,11,142,142,18290.4,18290.4,187476.1,187476.1,981.5,9,708.5
"341",19,12,261.5,623,14844,103552.5,500985.9,1786525.2,10955.9,79,6825.4
"342",19,13,80,80,10505.5,10505.5,109782.3,109782.3,591.8,9,862.5
"343",19,14,226.5,508,6911.5,78203,190066.4,1175757,7931,67,5891.5
"344",19,15,52.5,52.5,5822.2,5822.2,51380.5,51380.5,322.7,8,910.8
"345",19,16,123,123,10742.4,10742.4,74659.4,74659.4,610.5,11,546.8
"346",19,17,206.5,312.5,8985,54726.9,233608.8,859650.7,5761,43,4365.3
"347",19,18,179,179,24855.7,24855.7,274655,274655,1837.9,28,1474.5
"348",19,19,106,106,12063.4,20886.2,246395,351386.9,2576.3,13,2607.1
"349",19,20,59,59,8822.8,8822.8,104991.9,104991.9,548.8,6,1042.5
"350",20,1,419.5,2358,48600.4,441996,2211319.9,8827001.6,53781.4,288,20873.7
"351",20,2,332,440,12563.2,72453,292095.1,1093913.5,6735.8,54,3747.4
"352",20,3,108,108,14623.5,14623.5,157568.1,157568.1,838.4,11,661.8
"353",20,4,289,289,14594.3,45266.3,297358.2,644250.3,4115.3,38,3015.4
"354",20,5,232,232,16828.9,30672,234762.9,346892.1,2380.9,32,1867.3
"355",20,6,136,136,13843.1,13843.1,112129.2,112129.2,837.4,17,720
"356",20,7,117,117,17385.9,17385.9,205588.1,205588.1,1360.4,19,1285.3
"357",20,8,235,235,22927.3,45677.5,470010.5,752112.5,4892.5,27,2830.5
"358",20,9,146,146,22750.2,22750.2,282102,282102,2085.6,15,1744.8
"359",20,10,128,128,23797.6,28547.7,446204.3,512705.5,3753.2,21,4076.8
"360",20,11,27,27,4750.1,4750.1,66501.2,66501.2,455.8,4,1942.9
"361",20,12,334.5,1353,28349.7,229331.5,999328.1,4051362.1,24114,163,8911.3
"362",20,13,102,102,15317.1,15317.1,183039.9,183039.9,1119.4,17,967.5
"363",20,14,142,142,13606.2,13606.2,103747.6,103747.6,615.9,22,323.3
"364",20,15,270.5,1045,5380,172058.5,184264.2,2765246.5,16205.7,123,7574.4
"365",20,16,145,145,23049.9,23049.9,291580.8,291580.8,1397.6,20,1375.3
"366",20,17,258,887.5,9321.1,143628.6,300605.6,2289401.5,13753.1,103,6199.1
"367",20,18,170,170,28252.3,28252.3,373637.2,373637.2,1741.2,24,1256.7
"368",20,19,102,102,11632.1,11632.1,105561,105561,707.9,11,688.8
"369",20,20,235,592.5,22977.6,94423.1,608906.6,1509597.7,9402.1,67,4182.4
"370",20,21,166,166,18096.2,18096.2,156984.6,156984.6,802.9,22,565.5
"371",20,22,152,357.5,10983,53349.3,252609.2,743706.5,4673.4,39,2765.9
"372",20,23,96,96,11581.2,11581.2,111179.2,111179.2,624.7,14,662.6
"373",20,24,114,114,12893.1,12893.1,116037.9,116037.9,789.6,15,696.8
"374",20,25,109.5,109.5,8114.7,17892,166352,263880.2,1833.3,8,1232.5
"375",20,26,78,78,9777.3,9777.3,97528.2,97528.2,844.2,6,908.6
"376",1,1,598,4448,49668.6,547745.8,2309589,9765686.3,55098.4,602,10743.6
"377",1,2,513,2140.5,17572.5,194307.8,434919.3,2204611,12607.4,271,3932.4
"378",1,3,336.5,550,18695.9,41660.5,232764.4,364250.3,2493.7,48,642.9
"379",1,4,160.5,160.5,5967.3,7688.3,29985.7,33556.7,237.7,12,119
"380",1,5,66,66,1721,1721,3571,3571,26.8,5,64.3
"381",1,6,217,270,8052.2,15276.3,72671.3,97929.2,722.4,33,481.7
"382",1,7,146,199,1138.5,7224.1,8595.8,25257.9,200.7,19,175.3
"383",1,8,134,134,3704.6,3704.6,8150,8150,82.6,9,95.9
"384",1,9,53,53,2381,2381,8512.1,8512.1,62.2,9,63.4
"385",1,10,323,661,12770.6,89707.6,432603.2,1579960.5,10149.4,119,962.6
"386",1,11,293,631,18070.1,76937,412450.6,1147357.3,7941.6,116,959.6
"387",1,12,170.5,233,7791.1,13935.7,60381.4,82397.5,505.2,35,227.8
"388",1,13,90.5,153,2070.9,6144.6,10665.3,22016.1,147,28,113
"389",1,14,26.5,26.5,799.2,799.2,1918.1,1918.1,12,4,21.5
"390",1,15,58.5,94.5,854.5,3274.5,3418.1,9432.7,66.4,22,88.6
"391",1,16,41.5,41.5,1277.7,1277.7,3130.3,3130.3,19.7,11,31.6
"392",1,17,36,36,1142.3,1142.3,2884.3,2884.3,19.5,10,48.5
"393",1,18,230,335,6275.6,44931.2,142457.2,652509.2,4513,72,577.5
"394",1,19,208,313,20900.4,38655.6,395017.3,510052,3516.6,61,533.4
"395",1,20,120,120,9047.8,9047.8,54286.7,54286.7,295.7,25,285.2
"396",1,21,105,105,6518.2,8707.4,50841.8,60748,397.4,16,139.5
"397",1,22,38.5,38.5,2189.2,2189.2,9906.2,9906.2,66.9,6,81.3
"398",1,23,456.5,1534,11686.7,135074.8,233734.5,1405441.4,7832.4,223,3289.5
"399",1,24,36,36,3313.8,3313.8,24273.2,24273.2,119.4,3,93.8
"400",1,25,410,1451.5,26180.1,120074.3,478442.2,1147433.7,6478.6,220,2877.5
"401",1,26,296,651,12450.3,39629,145979.6,277408.4,1627.2,111,1256.5
"402",1,27,244.5,686.5,5609.6,54265.2,78254.3,391583.1,2007.4,104,1343.4
"403",1,28,212.5,392.5,4382.5,30350.8,33964.5,207166,1016.6,65,587.5
"404",1,29,62,62,2687.9,2687.9,9273.4,9273.4,36.3,6,85.7
"405",1,30,167.5,285.5,6098.1,23280.4,62963.4,163928.1,799.5,46,501.8
"406",1,31,120.5,120.5,8706.9,8706.9,50064.8,50064.8,370.3,17,329.7
"407",1,32,118,118,5120.2,8475.4,35969.2,50899.9,277.6,25,136.2
"408",1,33,60,60,3355.2,3355.2,14930.7,14930.7,94,10,136.2
"409",1,34,116,116,4919.7,4919.7,16604.1,16604.1,108.9,23,150.3
"410",1,35,211.5,450.5,3660.7,22259,36149.8,114824.7,786.2,73,903
"411",1,36,182,255,2900.9,8311,8267.7,21774,172.7,48,230.6
"412",1,37,73,73,2522.7,2522.7,6937.4,6937.4,50.8,16,93
"413",1,38,101,101,2887.4,2887.4,6568.9,6568.9,51.7,19,66.7
"414",1,39,112.5,166,4502.2,10287.3,31628.1,56900.9,407.1,22,662
"415",1,40,53.5,53.5,3563.2,3563.2,18884.9,18884.9,115.1,8,308.8
"416",1,41,61.5,61.5,2221.9,2221.9,6387.9,6387.9,55.3,8,95.6
"417",1,42,107,107,9345,9345,64947.6,64947.6,318.5,15,376.5
"418",1,43,155,155,8959.8,8959.8,41215.2,41215.2,234.4,19,135.8
"419",1,44,463.5,1561.5,52838.4,214061.8,1598363,3671525.8,21455.4,212,5848.6
"420",1,45,324.5,622,5969,63729.1,113411.5,722359.9,4633.7,88,2068.7
"421",1,46,55,55,1952.5,1952.5,5515.8,5515.8,34.4,11,73.3
"422",1,47,299.5,542,8203.3,55807.6,157503.9,603432.6,3719.7,75,1984.3
"423",1,48,265.5,508,20480,47604.3,271360.6,445928.7,2786.8,75,1984.3
"424",1,49,101.5,101.5,6026.7,6026.7,28476,28476,252.1,15,377.2
"425",1,50,142.5,283.5,6515.3,21097.6,72646.1,146092.1,909.1,42,1213.4
"426",1,51,68,68,3866.7,3866.7,17496.7,17496.7,116.9,8,180.2
"427",1,52,96,96,5096.9,5096.9,21534.5,21534.5,131.3,15,139
"428",1,53,73,73,5618.7,5618.7,34414.8,34414.8,254.7,9,554.7
"429",1,54,299,800.5,22399.6,97494.3,515189.8,1350802.9,8767.3,123,3770.1
"430",1,55,41.5,41.5,2307.7,2307.7,10211.4,10211.4,69.4,9,167
"431",1,56,67.5,67.5,3711,3711,16235.7,16235.7,141.3,11,129.7
"432",1,57,221.5,614,18690.9,69076,380827.2,809166,5386.1,97,3398.7
"433",1,58,107,107,9345,9345,64947.6,64947.6,561.9,15,968.3
"434",1,59,148.5,434,2799.2,41040.1,46186.1,363391.2,2295.1,69,2096.2
"435",1,60,129.5,129.5,8380.8,8380.8,43161.3,43161.3,363.8,16,576.8
"436",1,61,135,291,5836.8,29860.1,82152.5,274043.8,1931.3,53,1519.4
"437",1,62,62,62,3506,3506,15777.1,15777.1,75.1,8,129.1
"438",1,63,65,94,3455.8,9494.1,34557.5,81314.5,461.3,17,262.9
"439",1,64,29,29,3434.7,3434.7,32372.1,32372.1,170.2,7,0
"440",1,65,37.5,37.5,2603.6,2603.6,14384.9,14384.9,86.9,8,241
"441",1,66,102,102,11023.2,11023.2,94799.7,94799.7,556.7,24,1099.6
"442",7,1,366,1388,41959.1,233153.3,1667874.7,4931305.2,24882.6,220,2314.51
"443",7,2,243,264.5,18692.5,35810.6,397215.1,611875.5,4006.9,34,203.8
"444",7,3,21.5,21.5,1952,1952,14103.4,14103.4,90.3,5,7.5
"445",7,4,173,173,7740.9,15166.1,170299.5,200557,1261.9,24,147.3
"446",7,5,145,145,7425.2,7425.2,30257.5,30257.5,224.7,18,118.4
"447",7,6,282,708,24473,94560.4,581233.9,1418501.9,6971.7,97,1257.21
"448",7,7,64.5,64.5,4133.7,4133.7,21081.9,21081.9,102.3,6,45.3
"449",7,8,200,489.5,10810.2,52661.3,149991.8,615831.3,2327.2,63,686.81
"450",7,9,59,59,2150.1,2150.1,6235.3,6235.3,42.3,10,81.8
"451",7,10,92.5,92.5,7003.4,7003.4,42195.5,42195.5,220,10,100.21
"452",7,11,138,276,13546.5,32697.6,260771,417408.7,1238.4,38,461.3
"453",7,12,75,75,3039.5,3039.5,9802.4,9802.4,52.6,9,52.8
"454",7,13,63,63,5601.1,5601.1,39628.1,39628.1,225,13,110.2
"455",7,14,82,82,10510.5,10510.5,107207.2,107207.2,427.6,10,264.9
"456",7,20,72,72,4048.3,13292.4,76714.5,200354.8,1376.5,9,352.4
"457",7,15,55,55,9244.1,9244.1,123640.3,123640.3,966.9,6,343.3
"458",7,16,35,35,9621.1,9621.1,210462.2,210462.2,1227.2,25,104.4
"459",7,17,253.5,296.5,18780.4,51202.1,572803.4,1022590.9,4965.7,61,746.5
"460",7,18,204.5,204.5,19723.4,19723.4,151377,151377,939.2,29,503.5
"461",7,19,43,43,12698.3,12698.3,298410.5,298410.5,1636,20,182.9
"462",10,1,683,2858,57715.8,501853.2,2929075.3,10740470.8,59340.9,519,13594.6
"463",10,2,592.5,1563,18378.3,246095.4,716754.4,4435463.2,26084.9,292,7847.7
"464",10,3,555,1148,55813.5,159517.9,1311618.1,2384073.6,15089,224,6502.9
"465",10,4,207.5,377.5,10657.9,68199.2,306413.3,1334635.2,7870.7,67,1344.8
"466",10,5,107,107,10824,10824,87133.5,87133.5,437.5,13,280.8
"467",10,6,178,241,26592,46717.3,694716.3,941088.4,5876.9,47,967.4
"468",10,7,63,63,12567.9,12567.9,199516.1,199516.1,1059.7,11,581.6
"469",10,8,97,97,7557.4,7557.4,46856,46856,265.6,15,262.3
"470",10,9,387,1042,16389.7,164290.5,454813.9,2700956,15578.6,192,5377.1
"471",10,10,222.5,222.5,15808.5,36837.5,233965.7,491578.9,2481.1,48,648.2
"472",10,11,137.5,137.5,8466.6,21029,114087.3,257613.2,977,31,439
"473",10,12,87.5,87.5,12562.4,12562.4,143525.9,143525.9,466.5,21,391.9
"474",10,13,340,772.5,42885.9,111063.3,1002457.5,1754563.2,10165.7,141,4727.6
"475",10,14,152,162.5,20216.1,33751.5,500349.7,674976.3,4976.8,35,369.8
"476",10,15,87,87,10358.8,10358.8,98149.4,98149.4,555.5,22,269.6
"477",10,16,10.5,10.5,3176.6,3176.6,76477.2,76477.2,791.8,3,33.8
"478",10,17,98,98,6126.7,6126.7,30480.5,30480.5,194.8,21,149.1
"479",10,18,91,91,10291.9,10291.9,92626.7,92626.7,696,19,1227.3
"480",10,19,194,437.5,8774.5,51758.8,214974.5,628998.5,3622.9,89,3228.1
"481",10,20,112,112,11400.2,11400.2,92341.7,92341.7,679.9,21,878.2
"482",10,21,165.5,297,9349.4,31584.1,144915.4,321682.3,1905.3,66,2338.5
"483",10,22,117.5,134.5,3166.7,8493.7,22800.4,45540.2,326.5,31,462.2
"484",10,23,82.5,82.5,4328.3,4328.3,18070.8,18070.8,148.4,21,217
"485",10,24,17,17,998.7,998.7,4669,4669,30.1,4,206
"486",10,25,114.5,114.5,13741,13741,131226.7,131226.7,715,26,1291.2
"487",10,26,366,513.5,9756.5,53572.4,157811.9,537112.6,3132.6,104,2893.3
"488",10,27,106,106,10523.1,10523.1,83132.3,83132.3,529.3,16,589.9
"489",10,28,318,318,11241.9,31806.5,159634.6,291932.5,1629.7,74,2195.9
"490",10,29,255,255,7647,20564.6,46072.9,132297.9,793.8,61,1501.4
"491",10,30,154,154,12917.6,12917.6,86225,86225,528.2,34,1111.8
"492",10,31,41.5,41.5,1486.3,1486.3,4235.9,4235.9,18.5,10,46.4
"493",10,32,207,445.5,11435.4,50132,208124.2,535342.9,3429.5,95,3185.2
"494",10,33,157,223.5,6589.8,21606.3,71993.6,174660.9,935.7,50,1220.3
"495",10,34,115,172,5378.4,17090.3,71936.2,152557.8,1140.1,34,1771.4
"496",10,35,83,83,8005.1,8005.1,61439.1,61439.1,402.9,12,884.3
"497",10,36,57,57,3706.8,3706.8,19182.5,19182.5,258.8,16,762.2
"498",10,37,66.5,66.5,5222.9,5222.9,32643.1,32643.1,167.5,13,401.3
"499",10,38,109,109,9793.6,9793.6,70024.2,70024.2,312.7,28,438.1
"500",13,1,458.5,3334,45097.6,296367.3,1961744,5301379.1,54627.7,421,9944.7
"501",13,2,376,1220,16617.8,111970.7,252590.1,1093055.4,8183.9,164,2287.3
"502",13,3,73,73,2866.7,2866.7,8958.4,8958.4,70.4,9,72.9
"503",13,4,289,1060,8385.2,92486.2,136469.5,831506.9,5850.6,150,2187.8
"504",13,5,210.5,340.5,7690.6,24715.2,78444.3,175124.1,1000.1,41,437.9
"505",13,6,61,61,2223,2223,6446.7,6446.7,38.2,8,56
"506",13,7,150.5,219.5,4402.3,14801.6,38080,90233.1,488.3,28,364.2
"507",13,8,45,45,2205.4,2205.4,8601.1,8601.1,71.4,8,134
"508",13,9,24,24,836.9,836.9,2322.5,2322.5,15.7,3,25.2
"509",13,10,110,110,4591.8,7357,29961.2,41229.5,207.5,15,204
"510",13,11,54,54,2765.2,2765.2,11268.3,11268.3,41.5,10,110.7
"511",13,12,248,678.5,8431.4,59385.8,104760.2,519913.3,3405.4,101,1723.1
"512",13,13,84,84,5489,5489,28542.8,28542.8,194.9,6,92.7
"513",13,14,52,52,2189.1,2189.1,7333.4,7333.4,41.2,7,100.2
"514",13,15,194,488.5,8959.8,43276.3,138877.2,379276.9,2258.1,81,1523
"515",13,16,40,40,2060.9,2060.9,8449.6,8449.6,53.1,8,145.8
"516",13,17,148,402.5,8034.6,32255.6,93402.5,231950.1,1388.5,67,1270.8
"517",13,18,93,93,6924.4,6924.4,41027,41027,153.4,17,298.3
"518",13,19,92,153,2148.8,10858.2,19339.6,64637.4,395.8,27,446.1
"519",13,20,61,61,3641.1,3641.1,17295.3,17295.3,96.4,9,177.1
"520",13,21,73,73,5068.3,5068.3,28002.5,28002.5,168.5,16,267.3
"521",13,22,66,66,4520.1,4520.1,24634.7,24634.7,127.2,6,158.1
"522",13,23,35.5,35.5,1918.3,1918.3,8248.5,8248.5,46.3,7,145.5
"523",13,24,277,1072.5,NA,NA,NA,NA,19307.6,257,5018.6
"524",13,25,277,554,4395.7,65281.1,69891.9,699530.1,7992.5,91,2277.2
"525",13,26,188,188,3960.3,18035.9,56731.2,152348.4,1905.7,34,538.2
"526",13,27,166,166,4064,14075.6,31292.5,95617.2,1410,33,537.5
"527",13,28,124,124,10011.6,10011.6,64324.7,64324.7,517,18,448.9
"528",13,29,255,344,6353.6,42849.5,100386.2,477289.8,3848.2,53,1733.9
"529",13,30,223,312,20662.9,36495.9,269650.6,376903.6,2608,41,1686.7
"530",13,31,89,89,7605.2,7605.2,51715.1,51715.1,306.4,14,425.8
"531",13,32,97,97,8227.8,8227.8,55537.9,55537.9,572.2,15,874.1
"532",13,33,358,959,20268,139299,568517,2246579.7,14435.6,NA,2638.8
"533",13,34,240,312.5,19913.9,42911.7,297713.2,551832.5,3563.8,51,667.8
"534",13,35,134,134,9556.1,9556.1,54230.8,54230.8,272.1,17,190.1
"535",13,36,72.5,72.5,9104.3,13441.7,143393.3,199888.5,986.3,16,299.5
"536",13,37,26.5,26.5,4337.4,4337.4,56495.2,56495.2,263.9,5,143.3
"537",13,38,300.5,589,16999.9,76119.3,414373.6,1126230.2,7691.8,63,1970.9
"538",13,39,124,124,8102.8,8102.8,42134.5,42134.5,259.6,11,159.7
"539",13,40,245,409.5,16947.6,51016.6,282178.1,669722.1,5257.5,46,1718.2
"540",13,41,74,74,4533.3,4533.3,22099.9,22099.9,115.6,11,143.6
"541",13,42,164,254.5,12825.2,29535.7,207768.9,365444.1,2812.3,27,1553.4
"542",13,43,101,101,4854.7,4854.7,18569.2,18569.2,154.6,8,388.4
"543",13,44,90.5,90.5,8384.3,11855.8,116541.5,139106,997,15,807.8
"544",13,45,42.5,42.5,3471.5,3471.5,22564.5,22564.5,177.1,8,435.4
"545",13,46,176,518.5,NA,NA,NA,NA,9103.2,166,2741.4
"546",13,47,176,518.5,NA,NA,NA,NA,7458.9,153,2652.8
"547",13,48,176,176,4603.1,12734.5,51094,87888.5,697.6,30,415.9
"548",13,49,143,143,8131.4,8131.4,36794.5,36794.5,291.2,15,121.6
"549",13,50,113,342.5,NA,NA,NA,NA,4613.1,109,2218.3
"550",13,51,113,113,8484.5,8484.5,50694.9,50694.9,485.1,20,272.2
"551",13,52,59,229.5,NA,NA,NA,NA,2975.3,75,1864.3
"552",13,53,46.5,46.5,4528.6,4528.6,35096.7,35096.7,242.6,6,512.3
"553",13,54,47,47,1402.7,1402.7,3331.5,3331.5,51.8,9,103.3
"554",13,55,59,136,NA,NA,NA,NA,1268.8,47,1124
"555",13,56,59,59,3169.6,3169.6,13549.8,13549.8,96.1,10,132.1
"556",13,57,47,77,NA,NA,NA,NA,815.3,35,918.8
"557",13,58,47,47,2362.5,2362.5,9449.9,9449.9,64.7,10,173.3
"558",13,59,30,30,NA,NA,NA,NA,199.7,14,292.2
"559",13,60,30,30,1536.2,1536.2,6260.2,6260.2,58.3,7,220.7
"560",15,1,630,56147.8,52590.3,800942.4,2366561.7,10840888.1,68711.9,2642,10935.2
"561",15,2,487,14007.5,8235.7,192557.7,220304.6,1789529,11339.7,829,1692.1
"562",15,3,537,42047.3,12582.1,555794.4,559902.5,6684797.4,45125.2,1813,9243.1
"563",15,4,514.5,23643.8,10995.6,267782.8,343611.7,2984390.1,21017,907,5262.6
"564",15,5,414.5,7254.3,20269.9,79787.8,305568.3,687414.5,4575.3,329,1093
"565",15,6,486.5,16361.5,21098.9,176999.4,485275.5,1953363.9,14065.2,575,4169.6
"566",15,7,187,533.5,4354.9,8337,26020.4,33033.1,282.5,34,42.9
"567",15,8,45,68,432,853,594,1299.1,24.7,2,1.5
"568",15,9,129,407.5,1055.6,3129.1,3166.7,5713.6,98.6,16,41.4
"569",15,10,101,199.5,824.4,1006.6,1319,1422.4,37.2,11,26.4
"570",15,11,60,81.5,81.7,81.7,53.1,53.1,4.2,3,0
"571",15,12,16,77,100.5,100.5,50.3,50.3,4.6,2,5.2
"572",15,13,20,43,421,421,705.1,705.1,8.7,1,0
"573",15,14,71.5,140,5811.9,6581.9,53760.5,55955,313.9,20,24.3
"574",15,15,21.5,90,770,770,2194.5,2194.5,14.9,4,11
"575",15,16,36,61,328,328,237.8,237.8,6.6,1,0
"576",15,17,49,119,738.9,738.9,886.7,886.7,7.5,2,7.3
"577",15,18,462.5,13843,5259,177740.1,122272.4,1513269.4,9854.8,807,1667.8
"578",15,19,260,1883,6632.5,29439.8,60356,147111.5,940.1,152,141.3
"579",15,20,140.5,368,1638,4539.6,6470.2,12078.3,80.9,27,24.1
"580",15,21,35,78,461.8,461.8,484.9,484.9,3.9,2,2.5
"581",15,22,107.5,257,656,2439.8,1902.3,5123.2,38.4,19,13.8
"582",15,23,89.5,161,1557.6,1557.6,2881.6,2881.6,21.1,10,8.3
"583",15,24,35,78,226.2,226.2,339.3,339.3,3.1,7,5
"584",15,25,202,1457,1575.8,18267.7,11976.3,74677.2,496.9,111,117.2
"585",15,26,38.5,66.5,290.3,290.3,406.4,406.4,2.9,3,4.4
"586",15,27,185.5,1374,1553.2,16401.6,11998.5,62294.5,416.7,104,111.8
"587",15,28,83,143,790.4,1105.5,1462.3,1927.1,14.2,11,21.8
"588",15,29,49,109,315.1,315.1,464.8,464.8,4,5,8.8
"589",15,30,169.5,1215,2081.3,13742.9,13788.6,48368.9,337,90,86.4
"590",15,31,49,172,362.9,362.9,498.9,498.9,6.5,8,11.9
"591",15,32,43,74,309.8,309.8,263.3,263.3,3.3,7,3
"592",15,33,144.5,680.5,1808.6,8733.9,9133.5,29646.3,200.2,60,54.9
"593",15,34,52.5,80.5,246.3,246.3,344.8,344.8,3.3,5,6.6
"594",15,35,116,571.5,1340.8,6679,6503,20168,130.6,49,47.2
"595",15,36,84.5,199.5,1314.8,1314.8,2958.2,2958.2,17.5,14,15.7
"596",15,37,94,350,809.3,4023.4,3257.3,10706.8,71.9,28,19.9
"597",15,38,62,184.5,848.5,848.5,1548.6,1548.6,9.6,10,16
"598",15,39,78,149.5,520.2,2365.6,1794.9,5900.9,40.1,14,0.9
"599",15,40,66,137.5,1845.4,1845.4,4106,4106,24.8,9,0
"600",15,41,131,263.5,2255,2255,4171.8,4171.8,17.5,10,14.2
"601",15,57,444.5,11942,6885.7,143041.3,145117,1243885.5,8213.1,650,1526.5
"602",15,42,418.5,11916,16317.4,136155.6,302688.4,1098768.5,7393.4,647,1526.5
"603",15,43,229.5,1041.5,2441,11554.8,15805.6,54518.3,373.7,60,93
"604",15,44,30,40.5,67.5,67.5,72.6,72.6,0.8,2,2.5
"605",15,45,27,59,356.3,356.3,374.1,374.1,2.9,3,3
"606",15,46,199.5,971,567.4,9046.3,3659.5,38640.1,266.7,53,88.9
"607",15,47,192.5,905,1115.9,8478.9,6193.2,34980.6,242,51,85.6
"608",15,48,47.5,104,282.4,282.4,437.8,437.8,3.7,6,8.4
"609",15,49,176.5,785,560.8,7080.6,3336.6,28349.6,192.3,39,69.1
"610",15,50,53,92.5,331.8,331.8,364.9,364.9,3.5,6,3.6
"611",15,51,169,685,827.3,6188,4736.5,24648.1,168,32,61.8
"612",15,52,69,118.5,169.6,169.6,254.5,254.5,2.6,4,10.4
"613",15,53,157.5,555,400.6,5191.1,2553.5,19657.1,127.9,27,45
"614",15,54,78,121,834.1,834.1,1230.3,1230.3,6.2,6,4.7
"615",15,55,152.5,429,684.1,3956.4,5729.2,15873.3,100.8,20,40.3
"616",15,56,146,422.5,3272.3,3272.3,10144.1,10144.1,73.8,19,40.3
"617",15,58,140,800.5,1267.6,8930.2,8524.8,43891,262.7,65,48.4
"618",15,59,36.5,85,224,224,257.6,257.6,2.5,5,3.3
"619",15,60,125,700.5,1002.8,7438.6,6668.6,35108.6,198,59,45.1
"620",15,61,50,94,236.9,333.7,343.5,449.9,4.9,7,10
"621",15,62,37,81,96.8,96.8,106.4,106.4,1.4,3,3.9
"622",15,63,113,594.5,1383.2,6102.1,8956.5,27990.1,147.6,51,35.1
"623",15,64,62.5,234,888.3,888.3,1443.5,1443.5,9.3,14,9
"624",15,65,96,343.5,556.4,3830.6,3519.1,17590.1,80.8,34,26.1
"625",15,66,89,278,1083.8,3194.7,6232.1,13979.6,59,31,22.1
"626",15,67,35.5,94.5,226.2,226.2,226.2,226.2,2.6,7,6.2
"627",15,68,74,168.5,1193.2,1884.7,6294,7521.3,55.1,18,15.9
"628",15,69,56,150.5,691.5,691.5,1227.3,1227.3,9.8,12,12.6
"629",15,70,64,305.5,605.1,2367.5,3237.1,7731.3,51.5,14,25.8
"630",15,71,55,296.5,1762.4,1762.4,4494.2,4494.2,31.7,12,22.3
"631",15,72,35.5,58.5,79.5,79.5,91.4,91.4,1.3,2,4
"632",15,73,481.5,18381,8274.2,275429.5,311315.6,3140504.8,21796.1,900,3980.5
"633",15,74,376.5,2042,8631.2,47623.3,156009.2,490284.3,3447.2,149,325.6
"634",15,75,270,2021,5338.2,27155,70864.5,214519.6,1369.7,110,250.9
"635",15,76,51.5,173,611.7,611.7,1009.3,1009.3,8.9,5,16.3
"636",15,86,238,1816,6819.8,21205.1,68538.7,142645.8,948.8,99,234.6
"637",15,77,184,1762,1423.8,14385.3,14664.8,74107.1,543.7,88,226
"638",15,78,72.5,262.5,699,699,873.8,873.8,12.2,12,17.4
"639",15,79,73.5,337,2193.6,2193.6,5209.8,5209.8,46.2,8,38.3
"640",15,80,173,1151.5,2050.8,10068.9,19688,53358.7,393.5,66,163
"641",15,81,38,231,847.6,847.6,1504.5,1504.5,14.9,6,28.8
"642",15,82,156,903.5,1784.7,7170.5,13340.9,32166.2,247.7,55,128.9
"643",15,83,137,884.5,3408.6,5385.8,14912.7,18825.3,123.7,46,106.9
"644",15,84,75,720.5,1335.2,1335.2,2837.3,2837.3,15.6,29,20.8
"645",15,85,60.5,102,642,642,1075.3,1075.3,8,4,6.3
"646",15,87,338.5,2004,5882.6,38992.1,78680.2,334275.1,2294.1,145,325.6
"647",15,88,52.5,87.5,230.9,230.9,404.1,404.1,4.7,4,8.1
"648",15,89,303.5,1881.5,7745.9,32878.6,103795.2,255190.8,1517.3,122,301.9
"649",15,90,65,207.5,1143.5,1143.5,1601,1601,9.3,8,10.9
"650",15,91,257.5,1628,1724.7,23989.2,23672,149794.6,1046.7,103,272.8
"651",15,92,247.5,1618,4478.7,22264.5,44338.7,126122.6,933.3,99,263.1
"652",15,93,211.5,1582,5843.4,17785.8,43825.2,81783.9,625.9,94,246
"653",15,94,86,219,1002.8,1002.8,1905.3,1905.3,16.6,5,31.9
"654",15,95,149.5,1301,1418.4,10939.6,9148.9,36053.4,273.7,79,171
"655",15,96,65,250,1837.8,1837.8,4135.1,4135.1,31.5,14,20.5
"656",15,97,132,1033.5,1193.8,7683.4,5969,22769.4,182.1,63,150.5
"657",15,98,113,421,2052.1,2052.1,4719.8,4719.8,40.4,22,31.6
"658",15,99,69.5,137.5,644.7,644.7,1160.4,1160.4,9.7,7,11.7
"659",15,100,98,456,1849,3792.8,6887.5,10920.2,83.8,31,92.8
"660",15,101,58.5,318,1415.1,1415.1,2724.1,2724.1,23.1,17,22.3
"661",15,124,307.5,7147.3,8746.2,59517.9,126819.8,381846.2,2503.1,300,1010
"662",15,102,171,1018,1553.5,7958.3,8350.2,26685.1,191.6,48,99.5
"663",15,103,44,162,1161.1,1161.1,2438.4,2438.4,10.4,7,9.3
"664",15,104,148,833,904.8,5243.7,4071.5,15896.5,110.1,39,84.1
"665",15,105,71.5,153.5,593.8,593.8,890.6,890.6,7.7,6,14.4
"666",15,106,132,663.5,1466.8,3745.1,5903.9,10934.4,71.4,28,63.1
"667",15,107,57,129,566.1,566.1,750.1,750.1,5.7,6,6.9
"668",15,108,103,505.5,1712.2,1712.2,4280.4,4280.4,27.9,14,45.3
"669",15,109,259.5,6081.3,1368.5,42813.4,16558.6,228341.3,1658.5,246,901.5
"670",15,110,46,130.5,808.3,808.3,1677.3,1677.3,11.8,7,16
"671",15,111,250.5,5941.8,1817.1,40636.6,21896,210105.4,1538.6,237,866.3
"672",15,112,5,5,144.5,144.5,332.4,332.4,2.7,0,12.3
"673",15,113,238.5,5924.8,6559.6,38675,76091.9,187877,1355.4,233,841.5
"674",15,114,177.5,2415.5,2654,13939.1,16985.7,48082.1,377.2,111,348.8
"675",15,115,131,465.5,2493.8,2493.8,6109.8,6109.8,45.5,18,28.6
"676",15,116,45,195.5,338.7,338.7,414.9,414.9,5.6,6,20.1
"677",15,117,64,317,771.9,771.9,1215.7,1215.7,11.7,19,16.5
"678",15,118,144.5,1404.5,1396.8,7680.7,7961.5,23356,183.5,65,250.7
"679",15,119,57,219,428.5,428.5,1328.4,1328.4,14.8,3,59.5
"680",15,120,67,544.5,480.7,1756.9,2163,5368.3,48.4,19,147.1
"681",15,121,52,276.5,332.9,694.2,1356.4,2259.6,18.8,11,113.5
"682",15,122,45.5,270,361.3,361.3,903.2,903.2,5.9,8,39.5
"683",15,123,58.5,259.5,582,582,945.7,945.7,10.9,6,28.4
"684",15,125,125,397.5,2467.4,2467.4,6291.9,6291.9,38.2,25,23
"685",15,126,97,224,1631.1,1631.1,2405.9,2405.9,20.3,14,8.1
"686",15,127,193.5,3464.3,1075.4,18176.3,8764.2,63703,606.9,109,409.3
"687",15,128,154,666,3832.1,3832.1,10921.5,10921.5,87,26,47.3
"688",15,129,183,2787.8,857.7,13268.8,5853.5,44017.3,451.1,79,361.1
"689",15,130,107,287.8,1633.6,1633.6,3267.3,3267.3,36.6,11,54.4
"690",15,131,144,553.5,3511,3511,11147.6,11147.6,76.8,25,39.2
"691",15,132,151.5,839,396.2,5898.4,1921.4,18558.6,120.4,16,127.6
"692",15,133,145,832.5,2414.6,5502.2,7606.1,16637.2,104.4,16,127.6
"693",15,134,84,771.5,3087.6,3087.6,9031.1,9031.1,61.2,0,41.4
"694",15,139,173,1936.5,1722.4,7266.5,10980.2,23748.9,295.1,42,266.5
"695",15,135,60.5,237,663.5,663.5,1061.6,1061.6,10.6,6,21
"696",15,136,122,839,238.9,4880.6,1009.4,11707.1,93.4,31,98.2
"697",15,137,117.5,315,1908.5,1908.5,3864.7,3864.7,25.9,16,13.4
"698",15,138,87,519.5,2733.2,2733.2,6833,6833,59.8,15,84.8
"699",15,140,348.5,10004,7771.7,99353.2,126484,697670.8,4655.1,513,1384.3
"700",15,141,38,154.5,1002.8,1002.8,2105.9,2105.9,13.5,8,11.3
"701",15,142,310.5,9811.5,9517.1,90578.7,141329.5,569080.9,3695.6,498,1371.6
"702",15,143,104,547.5,4476.1,4476.1,15330.8,15330.8,77.8,23,66.8
"703",15,144,170,1852,9506.5,9506.5,42303.7,42303.7,258.8,71,182.2
"704",15,145,259.5,7361,5254.8,67079,69757.3,370116.9,2360.9,396,1073.2
"705",15,146,163.5,903.5,3742,10688.6,25913,50360,329.7,58,133.7
"706",15,147,413.5,14546,10006,134507.4,227635.9,1376964,10135.3,458,3938.3
"707",15,148,239.5,2035,3522,13984,26679.4,68978.2,508.1,69,219.6
"708",15,149,38.5,154,1028.1,1028.1,2184.7,2184.7,14.8,8,24.7
"709",15,150,107,360.5,1018.8,3100.1,3514.9,7709.6,48.7,24,36.5
"710",15,151,91,243,1347.1,1347.1,2155.4,2155.4,13.5,11,12.5
"711",15,152,202.5,1755,1967.9,9114.9,12840.5,40143.4,321.9,49,178
"712",15,153,80.5,208.5,496.7,496.7,633.3,633.3,7.9,6,15.6
"713",15,154,178.5,1522.5,1145.1,6650.3,6956.5,26669.6,247.9,41,153.6
"714",15,155,119.5,432,2671.1,2671.1,6344,6344,34.7,14,36.4
"715",15,163,163.5,1319,885.9,4706.6,5204.8,18475.3,202.8,32,139.3
"716",15,156,78,212,1078.2,1078.2,1779,1779,14.8,12,13.5
"717",15,157,151.5,663,2098.4,2742.5,9600.3,11491.5,127.1,17,70.3
"718",15,158,115,472.5,389.6,644.1,1509.5,1891.2,63.8,8,45.6
"719",15,159,41,104,254.5,254.5,381.7,381.7,3.5,6,8.6
"720",15,160,83.5,123.5,1136.6,1136.6,1903.9,1903.9,14.8,12,5.3
"721",15,161,73.5,213.5,944.7,944.7,2290.8,2290.8,13.4,8,21.6
"722",15,162,80,188.5,798.6,798.6,1237.8,1237.8,9.6,5,13.5
"723",15,164,103,341.5,2878.6,2878.6,8564,8564,51.3,16,28.1
"724",15,165,228,6988,1862.7,58945.6,25099.2,291795.6,1859.4,372,1029.1
"725",15,166,65,403.5,2123.7,2123.7,5521.7,5521.7,46.8,21,39.5
"726",15,167,217,2774.5,6942.9,25716,56411.2,112000.7,784,159,433.2
"727",15,168,208,3799,8210.2,29243.2,73481.6,149174,866.7,192,556.4
"728",15,169,100.5,393.5,1930.2,1930.2,4632.5,4632.5,33.8,17,34.9
"729",15,170,135,3332.5,2408,19102.8,21973.3,71059.9,458.7,174,327.5
"730",15,171,102,1061.5,2407.6,2407.6,7042.1,7042.1,36.1,59,39.1
"731",15,172,63.5,413,2154.5,2154.5,5817.2,5817.2,34.3,15,27
"732",15,173,86,362.5,2242.5,2242.5,4653.1,4653.1,41.8,19,25
"733",15,174,94.5,194,1146.4,1146.4,2350.1,2350.1,16.7,8,15.2
"734",15,175,114,497,2135.7,2135.7,5499.3,5499.3,43.6,21,45.3
"735",15,176,104.5,783.5,1883.4,6608.1,10264.4,23724.8,166.2,46,152.4
"736",15,177,67,409.5,2589,2589,7961.1,7961.1,48.8,26,33.9
"737",15,178,77,346.5,2135.7,2135.7,5499.3,5499.3,33.6,12,34.9
"738",15,179,105,438,2441,2441,6773.8,6773.8,54.1,19,64.7
"739",15,180,130,543.5,3675.7,3675.7,8270.2,8270.2,70.1,22,66.7
"740",15,181,126.5,416.5,3576.7,3576.7,8047.6,8047.6,55.1,22,34.7
"741",15,182,149,1308.5,3144.7,9079.7,17296,32497.9,222.5,75,159.7
"742",15,183,93,359,1411.8,1411.8,3776.6,3776.6,29.9,12,42.4
"743",15,184,103.5,648,2944.5,2944.5,8465.3,8465.3,56.9,33,58.7
"744",15,185,92,256,1578.7,1578.7,2960,2960,23.8,17,14.4
"745",15,186,464,14300.5,27093.1,192377,663780.8,2124385.3,15266.8,637,3404
"746",15,187,200,200,2915.4,11833.1,23323.2,60331.8,406.3,10,93.4
"747",15,188,171,171,8917.7,8917.7,37008.6,37008.6,234.4,0,76.6
"748",15,189,376,14012.5,14868.5,153450.8,344949.9,1400272.7,9735.3,613,3309.4
"749",15,190,325,5464,10631.1,60430,149899.2,432058.1,3075.4,299,817.6
"750",15,191,212,2035,2942.7,18646.5,23762.5,81504.7,540.8,118,293.6
"751",15,192,140.5,541.5,3630.3,3630.3,10981.6,10981.6,99.5,33,71.8
"752",15,193,183,1464.5,2314.1,12073.5,14694.5,46760.6,270.1,80,204.7
"753",15,194,76.5,212.5,1216.1,1216.1,2401.8,2401.8,12.8,12,16.6
"754",15,195,154,1223,895.4,8543.3,5103.5,29664.3,176.6,63,179.9
"755",15,196,89,338,1602.2,1602.2,4005.5,4005.5,31.7,14,39.5
"756",15,197,141.5,872.5,6045.7,6045.7,20555.3,20555.3,110.1,44,102.4
"757",15,198,265,3369,3086,31152.4,39886.4,200654.2,1422.5,170,484.5
"758",15,199,124.5,615.5,3088.5,3088.5,8725,8725,73.4,25,68.7
"759",15,200,246,2734.5,2720,24977.9,31823.9,152042.8,1105.3,142,387.1
"760",15,201,227.5,2716,5023.4,22257.9,51489.9,120218.9,861.4,136,385.9
"761",15,202,125.5,598.5,3012.2,3012.2,7078.6,7078.6,68.7,29,48
"762",15,203,188.5,2078.5,3895.6,14222.3,30190.7,61650.4,444.7,101,309.2
"763",15,204,101,514.5,2662.5,2662.5,7521.6,7521.6,52.9,26,41.8
"764",15,205,148.5,1524,2375,7664.2,14250.3,23938.1,217.7,57,165.9
"765",15,206,88,309.5,1548.2,1548.2,3406,3406,29.8,7,27
"766",15,207,86.5,252.5,2174,2174,4348,4348,26.7,8,16.9
"767",15,208,83,217.5,1125.9,1125.9,1801.5,1801.5,16.6,9,13.3
"768",15,209,117,713,441.1,441.1,132.3,132.3,89.7,27,83.7
"769",15,210,289.5,5848,5176.6,56597.9,109354.8,471986.4,3214.2,236,1613
"770",15,211,270,3383,9742.1,30116.8,107893.5,223735.9,1787,132,993.3
"771",15,212,137,1001.5,4775.2,4775.2,19100.9,19100.9,127.8,33,182.5
"772",15,213,200,2311.5,4815.1,15599.5,47308.5,96741.5,647.9,80,715.9
"773",15,214,143,877.5,4522.6,4522.6,13794,13794,131.4,33,135.1
"774",15,215,161,1395,2261.9,6261.8,16286,35639,228,35,422.2
"775",15,216,59,382.5,1120.6,1120.6,2437.3,2437.3,19.6,10,70.8
"776",15,217,136,987.5,2879.3,2879.3,16915.7,16915.7,109,19,293.4
"777",15,218,195,2445.5,4035.1,21304.5,49833,138895.7,790.4,102,611.6
"778",15,219,105,725.5,3168.6,3168.6,9743.5,9743.5,62.9,29,77.6
"779",15,220,169,1694,4407.7,14100.8,33608.4,79319.2,457.6,65,461.7
"780",15,221,123,979.5,5641.7,5641.7,20592.1,20592.1,128.2,36,95.3
"781",15,222,52,668.5,4051.4,4051.4,25118.7,25118.7,98.3,16,226.8
"782",15,223,260,2649.5,6790.6,21554.4,66717.2,151278.3,1011.5,69,871.6
"783",15,224,188.5,1059,5492.3,5492.3,35562.6,35562.6,201.9,18,333.8
"784",15,225,205,1535.5,3277.9,9271.5,23109.5,48998.5,273.8,42,390.1
"785",15,226,132.5,731.5,3343.4,3343.4,10782.6,10782.6,85.1,25,99.3
"786",15,227,168,767,2650.2,2650.2,15106.4,15106.4,84.2,15,226.4
"787",15,228,213,2546,11271.6,29153.9,132159.1,236326.3,927.6,105,856.7
"788",15,229,95,184,3521.7,3521.7,10389.1,10389.1,107.4,27,100.6
"789",15,230,136.5,2285.5,6540.8,14360.6,56741.4,93778.1,584.5,64,649.8
"790",15,231,34,717.5,2061.5,2061.5,9946.8,9946.8,59.5,11,173.8
"791",15,232,76.5,1508,2903.8,5758.3,17204.9,27089.9,177.5,35,222.1
"792",15,233,29.5,616.5,1464.3,1464.3,5784,5784,39.4,7,104.5
"793",15,237,120.5,860.5,1873.6,6946.6,9977.2,24447,166.5,45,106.4
"794",15,234,37.5,852.5,1390.2,1390.2,4101,4101,32.3,14,53.4
"795",15,235,92.5,438.5,2441,2441,5126.1,5126.1,46.1,19,27.9
"796",15,236,59,394,2632,2632,9343.7,9343.7,56,21,76.3
"797",15,238,378.5,12476,9430.9,110517.4,224691.3,1080349.9,8341.6,383,3694.9
"798",15,239,64,442,1849.8,1849.8,4254.5,4254.5,39,17,53.8
"799",15,240,347,12002.5,6754.4,99236.7,145220.1,851404.1,6970,359,3641.1
"800",15,241,322,9431.5,3569.3,92482.3,65407.8,706184,5238.2,353,2767.7
"801",15,242,159.5,668.5,3215.4,3215.4,14308.6,14308.6,88.2,15,158.4
"802",15,243,306.5,8747.5,5654.9,85697.6,101787.6,626467.6,4689.3,337,2605.1
"803",15,244,126,387.5,1438.2,1438.2,3919.2,3919.2,29.2,10,77
"804",15,245,192.5,2198,2725.3,17933.5,23642.3,89089.6,1342.8,85,525.3
"805",15,246,136.5,726.5,3132,3132,12293.1,12293.1,860,15,131.3
"806",15,247,76,586.5,4918.5,4918.5,25330.2,25330.2,119.1,17,170.5
"807",15,248,167.5,860,1270,7157.7,7334.2,27824,176.3,45,205.2
"808",15,249,81.5,439.5,3174.9,3174.9,9842.2,9842.2,56.4,26,60.2
"809",15,250,150,403,2712.8,2712.8,10647.6,10647.6,68.3,16,142.3
"810",15,251,281.5,6137,7250.8,60671,104592.7,431671.2,2741.2,235,1988.1
"811",15,252,181,838,7037.2,7037.2,39408.1,39408.1,220.5,25,250.4
"812",15,253,184,2173.5,2932.4,19683.6,26318,104741.8,723.1,97,403.6
"813",15,254,121,485.5,3234.6,3234.6,10674.1,10674.1,70,23,58.5
"814",15,255,158,1662,3038.5,13516.6,23700.7,67749.7,482.1,72,343.1
"815",15,256,113,566.5,2259.1,2259.1,8641.1,8641.1,56.1,11,139.7
"816",15,257,127,1064.5,2809.2,8219,18470.6,35407.9,223.2,52,154.9
"817",15,258,85,432.5,1611.6,1611.6,4593.2,4593.2,34,11,96.3
"818",15,259,93,598,3798.2,3798.2,12344.1,12344.1,74.4,31,4.2
"819",15,260,241.5,3085.5,4520.1,26699.4,49269.3,182928.6,1130,108,1182.1
"820",15,261,105.5,481.5,3579.5,3579.5,9664.7,9664.7,54,26,41.4
"821",15,262,208.5,2571,4717.1,18599.8,50590.9,123994.6,725.6,76,1109.7
"822",15,263,173.5,1057.5,7634.1,7634.1,42941.6,42941.6,232.3,27,269
"823",15,264,128,1478.5,6248.6,6248.6,30462.1,30462.1,226,39,399.3
"824",15,265,17,98.5,528.7,528.7,1308.6,1308.6,7.5,5,1.4
