"","species","tree","length_ratio","path_ratio","diameter_ratio","mass_ratio","summass_ratio","no_daughters","area_ratio"
"1",1,1,NA,NA,NA,NA,NA,5,1.161
"2",1,1,0.238,0.439,0.486,0.041,0.1,2,0.9
"3",1,1,0.895,0.391,0.294,0.104,0.052,1,0.751
"4",1,1,1.053,0.888,0.902,0.978,0.785,1,1.089
"5",1,1,2.882,0.742,0.867,2.066,0.674,0,NA
"6",1,1,0.45,0.867,1.043,0.418,0.797,2,0.944
"7",1,1,4.333,0.3,0.5,1.397,0.149,0,NA
"8",1,1,2.222,0.931,0.833,1.802,0.744,3,1.072
"9",1,1,0.75,0.124,0.65,0.329,0.085,0,NA
"10",1,1,0.65,0.107,0.4,0.104,0.027,0,NA
"11",1,1,3.25,0.835,0.7,1.719,0.63,2,0.812
"12",1,1,0.554,0.356,0.5,0.134,0.094,0,NA
"13",1,1,0.554,0.356,0.75,0.284,0.2,0,NA
"14",1,1,1,0.208,0.343,0.089,0.036,0,NA
"15",1,1,0.3,0.443,0.39,0.034,0.061,2,0.905
"16",1,1,0.792,0.111,0.366,0.119,0.027,0,NA
"17",1,1,2.917,0.859,0.878,2.345,0.748,1,0.694
"18",1,1,0.214,0.522,0.833,0.12,0.293,2,0.494
"19",1,1,1.833,0.359,0.367,0.416,0.12,0,NA
"20",1,1,4.1,0.804,0.6,2.051,0.591,0,NA
"21",1,1,0.631,0.534,0.343,0.059,0.057,2,1.397
"22",1,1,0.257,0.063,0.583,0.087,0.036,0,NA
"23",1,1,0.337,0.754,1.028,0.361,0.552,2,0.646
"24",1,1,1.412,0.155,0.541,0.4,0.108,0,NA
"25",1,1,8.118,0.89,0.595,2.313,0.623,0,NA
"26",1,1,0.338,0.792,0.733,0.146,0.344,3,0.315
"27",1,1,1.296,0.426,0.416,0.199,0.066,1,0.473
"28",1,1,0.943,0.731,0.688,0.556,0.486,1,0.25
"29",1,1,1.879,0.653,0.5,0.7,0.412,0,NA
"30",1,1,5.296,0.469,0.26,0.387,0.066,0,NA
"31",1,1,2.444,0.911,0.273,1.444,0.697,4,7.418
"32",1,1,1.114,0.264,0.852,0.258,0.091,0,NA
"33",1,1,1.021,0.242,0.843,0.084,0.03,0,NA
"34",1,1,1.629,0.387,0.762,0.119,0.042,0,NA
"35",1,1,0.621,0.763,2.324,0.338,0.483,2,0.964
"36",1,1,2.098,0.406,0.412,0.36,0.09,0,NA
"37",1,1,0.854,0.807,0.891,0.712,0.662,2,2.657
"38",1,1,1.886,0.655,1.407,0.49,0.171,1,0.056
"39",1,1,0.697,0.411,0.237,0.31,0.236,0,NA
"40",1,1,0.914,0.795,0.823,0.65,0.562,2,0.981
"41",1,1,1.594,0.375,0.397,0.291,0.09,0,NA
"42",1,1,0.312,0.765,0.908,0.253,0.601,2,1.091
"43",1,1,5,0.481,0.563,1.496,0.195,0,NA
"44",1,1,3,0.904,0.88,2.587,0.675,2,0.547
"45",1,1,0.733,0.234,0.458,0.189,0.094,0,NA
"46",1,1,2.133,0.681,0.58,0.819,0.408,0,NA
"47",1,2,NA,NA,NA,NA,NA,4,1.316
"48",1,2,0.366,0.097,0.374,0.039,0.018,0,NA
"49",1,2,0.746,0.198,0.298,0.052,0.024,0,NA
"50",1,2,1.535,0.407,0.402,0.159,0.074,0,NA
"51",1,2,0.169,0.735,0.962,0.122,0.421,2,0.758
"52",1,2,3.583,0.67,0.561,1.088,0.279,2,0.661
"53",1,2,0.14,0.045,0.607,0.068,0.036,0,NA
"54",1,2,2.07,0.674,0.541,0.839,0.44,0,NA
"55",1,2,4.5,0.939,0.665,1.935,0.587,2,0.781
"56",1,2,2.426,0.708,0.616,0.731,0.324,0,NA
"57",1,2,1.685,0.492,0.634,0.527,0.233,0,NA
"58",1,3,NA,NA,NA,NA,NA,4,0.822
"59",1,3,1.514,0.434,0.352,0.158,0.069,0,NA
"60",1,3,1.189,0.316,0.302,0.091,0.04,0,NA
"61",1,3,1.459,0.679,0.368,0.216,0.095,0,NA
"62",1,3,0.284,0.734,0.687,0.145,0.357,2,1.025
"63",1,3,5.19,0.714,0.417,0.925,0.165,0,NA
"64",1,3,1.024,0.897,0.922,0.718,0.657,2,0.853
"65",1,3,3.279,0.384,0.355,0.59,0.115,0,NA
"66",1,3,1.023,0.883,0.853,0.914,0.691,2,0.887
"67",1,3,4.409,0.599,0.312,0.584,0.15,0,NA
"68",1,3,2.682,0.864,0.889,1.67,0.592,1,0.547
"69",1,3,0.22,0.579,0.74,0.154,0.274,1,0.286
"70",1,3,3.923,0.84,0.535,1.454,0.592,0,NA
"71",1,4,NA,NA,NA,NA,NA,6,1.197
"72",1,4,0.556,0.554,0.433,0.099,0.083,2,0.403
"73",1,4,0.9,0.48,0.328,0.116,0.054,0,NA
"74",1,4,3.3,0.788,0.544,1.034,0.481,0,NA
"75",1,4,2.383,0.609,0.275,0.128,0.05,0,NA
"76",1,4,1.256,0.711,0.479,0.183,0.086,1,0.446
"77",1,4,0.451,0.626,0.668,0.206,0.171,0,NA
"78",1,4,0.722,0.473,0.356,0.087,0.055,1,0.268
"79",1,4,2.092,0.677,0.518,0.64,0.39,0,NA
"80",1,4,0.767,0.438,0.333,0.076,0.045,1,0.65
"81",1,4,0.42,0.629,0.806,0.233,0.337,1,0.36
"82",1,4,2.534,0.752,0.6,1.176,0.54,0,NA
"83",1,4,0.689,0.788,0.684,0.264,0.292,4,0.95
"84",1,4,0.5,0.452,0.289,0.048,0.017,0,NA
"85",1,4,1.565,0.37,0.214,0.088,0.031,0,NA
"86",1,4,0.798,0.148,0.263,0.056,0.02,0,NA
"87",1,4,0.581,0.815,0.867,0.426,0.582,2,0.991
"88",1,4,2.528,0.333,0.327,0.251,0.065,0,NA
"89",1,4,0.222,0.868,0.94,0.193,0.678,2,0.916
"90",1,4,12,0.633,0.351,1.076,0.079,0,NA
"91",1,4,7.938,0.966,0.891,6.012,0.848,2,0.774
"92",1,4,1.969,0.723,0.293,0.233,0.121,0,NA
"93",1,4,0.126,0.629,0.83,0.101,0.361,2,0.966
"94",1,4,13.875,0.944,0.327,1.655,0.24,0,NA
"95",1,4,1.75,0.653,0.927,1.502,0.615,1,0.262
"96",1,4,5.571,0.851,0.512,1.829,0.647,0,NA
"97",1,5,NA,NA,NA,NA,NA,5,1.091
"98",1,5,1.8,0.645,0.347,0.202,0.082,0,NA
"99",1,5,1.141,0.372,0.526,0.206,0.095,1,0.354
"100",1,5,0.351,0.26,0.595,0.128,0.114,0,NA
"101",1,5,0.729,0.393,0.424,0.111,0.066,1,0.337
"102",1,5,1.234,0.552,0.581,0.459,0.315,0,NA
"103",1,5,1.824,0.504,0.415,0.251,0.102,0,NA
"104",1,5,0.524,0.759,0.585,0.149,0.247,2,0.986
"105",1,5,1.303,0.217,0.332,0.147,0.036,0,NA
"106",1,5,0.831,0.833,0.936,0.703,0.717,4,1.027
"107",1,5,3.541,0.589,0.357,0.478,0.116,0,NA
"108",1,5,1.622,0.27,0.389,0.272,0.066,0,NA
"109",1,5,2.432,0.404,0.458,0.753,0.182,0,NA
"110",1,5,0.77,0.834,0.733,0.37,0.394,2,0.99
"111",1,5,2.895,0.445,0.331,0.558,0.127,0,NA
"112",1,5,0.877,0.846,0.938,0.831,0.647,1,0.508
"113",1,5,5.28,0.841,0.712,2.431,0.709,0,NA
"114",1,6,NA,NA,NA,NA,NA,5,0.969
"115",1,6,1.135,0.258,0.464,0.219,0.085,0,NA
"116",1,6,2.153,0.489,0.361,0.231,0.09,0,NA
"117",1,6,1.941,0.441,0.303,0.19,0.074,0,NA
"118",1,6,0.988,0.224,0.42,0.132,0.051,0,NA
"119",1,6,1.088,0.773,0.596,0.38,0.311,2,1.044
"120",1,6,0.854,0.273,0.412,0.108,0.052,0,NA
"121",1,6,0.324,0.68,0.935,0.227,0.472,3,0.94
"122",1,6,1.15,0.175,0.285,0.132,0.03,0,NA
"123",1,6,3.567,0.543,0.407,0.703,0.162,0,NA
"124",1,6,2.033,0.848,0.832,1.348,0.578,3,0.541
"125",1,6,1,0.365,0.4,0.219,0.117,0,NA
"126",1,6,0.803,0.293,0.403,0.188,0.101,0,NA
"127",1,6,1.738,0.635,0.468,0.459,0.246,0,NA
"128",1,7,NA,NA,NA,NA,NA,2,0.92
"129",1,7,1.32,0.43,0.469,0.222,0.108,0,NA
"130",1,7,0.184,0.674,0.836,0.102,0.408,2,1.219
"131",1,7,6.174,0.548,0.413,1.15,0.139,0,NA
"132",1,7,0.652,0.911,1.024,0.585,0.74,2,0.813
"133",1,7,9.6,0.61,0.501,2.258,0.216,0,NA
"134",1,7,12.4,0.936,0.749,5.757,0.689,1,4.635
"135",1,7,0.188,0.158,2.153,0.254,0.203,0,NA
"136",1,8,NA,NA,NA,NA,NA,2,1.209
"137",1,8,1.857,0.419,0.406,0.262,0.084,0,NA
"138",1,8,0.221,0.775,1.022,0.144,0.595,4,0.733
"139",1,8,10.194,0.657,0.41,1.858,0.145,0,NA
"140",1,8,12.774,0.823,0.257,1.53,0.119,0,NA
"141",1,8,14.516,0.936,0.325,2.4,0.187,0,NA
"142",1,8,3.129,0.904,0.627,1.812,0.472,2,0.992
"143",1,8,2.454,0.547,0.459,0.457,0.137,0,NA
"144",1,8,0.887,0.777,0.884,0.679,0.565,2,0.729
"145",1,8,2.93,0.746,0.447,0.726,0.261,0,NA
"146",1,8,2.233,0.568,0.727,1.056,0.38,0,NA
"147",1,9,NA,NA,NA,NA,NA,4,0.927
"148",1,9,0.916,0.515,0.395,0.118,0.071,1,0.321
"149",1,9,1.908,0.656,0.567,0.463,0.317,0,NA
"150",1,9,1.289,0.6,0.402,0.196,0.116,1,0.461
"151",1,9,1.407,0.584,0.679,0.446,0.308,0,NA
"152",1,9,0.855,0.166,0.306,0.066,0.027,0,NA
"153",1,9,0.229,0.807,0.718,0.108,0.377,2,1.05
"154",1,9,2.263,0.124,0.37,0.279,0.033,0,NA
"155",1,9,0.632,0.945,0.956,0.613,0.851,2,0.898
"156",1,9,13.458,0.494,0.261,0.844,0.071,0,NA
"157",1,9,6,0.963,0.911,3.912,0.845,2,0.875
"158",1,9,1.5,0.343,0.356,0.221,0.086,0,NA
"159",1,9,0.396,0.771,0.865,0.324,0.524,3,0.777
"160",1,9,4.561,0.535,0.311,0.444,0.107,0,NA
"161",1,9,3.684,0.432,0.385,0.529,0.128,0,NA
"162",1,9,1.86,0.883,0.729,0.985,0.523,1,0.313
"163",1,9,3.047,0.753,0.56,1.198,0.545,0,NA
"164",1,10,NA,NA,NA,NA,NA,5,1.005
"165",1,10,1.663,0.427,0.339,0.156,0.056,0,NA
"166",1,10,2.174,0.558,0.306,0.183,0.066,0,NA
"167",1,10,2.43,0.624,0.442,0.415,0.149,0,NA
"168",1,10,0.988,0.369,0.496,0.205,0.09,1,0.348
"169",1,10,0.453,0.312,0.59,0.221,0.181,0,NA
"170",1,10,0.779,0.743,0.595,0.291,0.282,4,0.949
"171",1,10,2.448,0.659,0.287,0.226,0.084,0,NA
"172",1,10,1.955,0.526,0.272,0.223,0.083,0,NA
"173",1,10,0.373,0.731,0.823,0.27,0.401,1,0.867
"174",1,10,0.567,0.153,0.34,0.165,0.061,0,NA
"175",1,10,1.12,0.863,0.931,0.901,0.751,2,0.731
"176",1,10,3.464,0.618,0.278,0.36,0.108,0,NA
"177",1,10,4.607,0.822,0.809,1.984,0.593,0,NA
"178",1,11,NA,NA,NA,NA,NA,5,1.145
"179",1,11,2.04,0.513,0.493,0.387,0.151,0,NA
"180",1,11,1.237,0.311,0.359,0.131,0.051,0,NA
"181",1,11,0.954,0.365,0.377,0.089,0.044,1,0.342
"182",1,11,1.827,0.459,0.326,0.144,0.056,0,NA
"183",1,11,0.578,0.749,0.725,0.246,0.305,2,0.652
"184",1,11,2.64,0.513,0.379,0.519,0.164,0,NA
"185",1,11,1.01,0.806,0.713,0.608,0.52,2,0.66
"186",1,11,1.762,0.429,0.414,0.269,0.099,0,NA
"187",1,11,3.109,0.757,0.699,1.437,0.531,0,NA
"188",1,11,0.521,0.343,0.585,0.263,0.208,0,NA
"189",1,12,NA,NA,NA,NA,NA,2,0.833
"190",1,12,0.982,0.586,0.618,0.39,0.231,1,0.395
"191",1,12,1.291,0.563,0.629,0.4,0.286,0,NA
"192",1,12,0.536,0.74,0.671,0.221,0.345,3,1.008
"193",1,12,2.7,0.509,0.496,0.557,0.151,0,NA
"194",1,12,1.867,0.352,0.491,0.389,0.106,0,NA
"195",1,12,4.3,0.811,0.722,1.738,0.472,0,NA
"196",1,13,NA,NA,NA,NA,NA,5,1.123
"197",1,13,1.382,0.608,0.346,0.152,0.057,1,0.266
"198",1,13,1.11,0.627,0.516,0.254,0.202,0,NA
"199",1,13,1.487,0.421,0.29,0.123,0.037,0,NA
"200",1,13,0.763,0.125,0.302,0.091,0.027,0,NA
"201",1,13,1.803,0.401,0.434,0.316,0.109,1,0.485
"202",1,13,0.292,0.261,0.696,0.153,0.133,0,NA
"203",1,13,0.816,0.836,0.799,0.38,0.473,2,0.883
"204",1,13,1.952,0.313,0.268,0.151,0.036,0,NA
"205",1,13,0.355,0.84,0.901,0.367,0.724,3,1.032
"206",1,13,2,0.369,0.407,0.397,0.097,1,0.711
"207",1,13,3.273,0.511,0.215,0.175,0.021,0,NA
"208",1,13,1.727,0.633,0.843,1.002,0.501,0,NA
"209",1,13,1.727,0.932,0.905,1.27,0.761,4,0.904
"210",1,13,3.579,0.449,0.373,0.479,0.097,0,NA
"211",1,13,3.132,0.591,0.194,0.128,0.026,0,NA
"212",1,13,1.237,0.155,0.24,0.079,0.016,0,NA
"213",1,13,0.474,0.875,0.818,0.389,0.658,2,1.208
"214",1,13,3.167,0.215,0.354,0.351,0.042,0,NA
"215",1,13,2.167,0.932,1.04,1.896,0.838,2,0.897
"216",1,13,2.256,0.791,0.363,0.297,0.081,0,NA
"217",1,13,0.538,0.842,0.874,0.51,0.649,4,1.145
"218",1,13,0.81,0.899,0.44,0.149,0.032,0,NA
"219",1,13,3.619,0.365,0.308,0.289,0.062,0,NA
"220",1,13,3.571,0.659,0.46,0.632,0.134,0,NA
"221",1,13,1.905,0.678,0.803,1.258,0.559,1,0.536
"222",1,13,2.525,0.716,0.732,1.088,0.521,0,NA
"223",1,14,NA,NA,NA,NA,NA,5,1.287
"224",1,14,0.726,0.564,0.424,0.163,0.099,2,0.979
"225",1,14,0.142,0.255,0.455,0.034,0.011,0,NA
"226",1,14,1.151,0.83,0.879,0.858,0.652,2,1.219
"227",1,14,2.18,0.718,0.447,0.341,0.151,0,NA
"228",1,14,0.525,0.764,1.01,0.385,0.405,1,0.589
"229",1,14,2.312,0.838,0.768,1.37,0.578,0,NA
"230",1,14,1.219,0.797,0.445,0.236,0.106,2,0.781
"231",1,14,0.567,0.115,0.258,0.038,0.017,0,NA
"232",1,14,0.556,0.798,0.845,0.446,0.53,2,0.765
"233",1,14,2.04,0.645,0.331,0.215,0.082,0,NA
"234",1,14,1.818,0.859,0.81,1.007,0.537,1,0.419
"235",1,14,0.983,0.702,0.647,0.401,0.286,0,NA
"236",1,14,0.767,0.447,0.336,0.081,0.046,2,1.283
"237",1,14,1.089,0.571,0.375,0.195,0.07,0,NA
"238",1,14,0.643,0.773,1.069,0.61,0.57,1,0.311
"239",1,14,4.306,0.812,0.558,1.602,0.616,0,NA
"240",1,14,1.781,0.421,0.358,0.192,0.052,1,0.291
"241",1,14,0.792,0.442,0.539,0.317,0.241,0,NA
"242",1,14,0.863,0.868,0.817,0.539,0.494,2,1.06
"243",1,14,2.063,0.498,0.187,0.08,0.018,0,NA
"244",1,14,0.619,0.869,1.013,0.577,0.759,4,1.018
"245",1,14,4.718,0.441,0.294,0.397,0.067,0,NA
"246",1,14,5.128,0.803,0.307,0.511,0.087,0,NA
"247",1,14,4.487,0.42,0.302,0.426,0.072,0,NA
"248",1,14,1.41,0.906,0.863,1.051,0.605,2,0.91
"249",1,14,2.091,0.661,0.189,0.169,0.05,0,NA
"250",1,14,0.227,0.854,0.935,0.204,0.656,2,0.884
"251",1,14,10.96,0.509,0.18,1.871,0.171,0,NA
"252",1,14,1.44,0.961,0.923,1.274,0.737,2,1.002
"253",1,14,5.556,0.692,0.288,0.558,0.088,0,NA
"254",1,14,0.833,0.942,0.958,0.725,0.753,2,0.887
"255",1,14,7.333,0.663,0.291,0.78,0.119,0,NA
"256",1,14,2.6,0.949,0.896,2.143,0.729,2,0.85
"257",1,14,2.526,0.859,0.294,0.354,0.159,0,NA
"258",1,14,0.59,0.306,0.874,0.521,0.393,1,0.237
"259",1,14,2.696,0.729,0.487,0.68,0.405,0,NA
"260",1,15,NA,NA,NA,NA,NA,5,1.173
"261",1,15,0.506,0.311,0.45,0.104,0.107,3,0.917
"262",1,15,2.465,0.564,0.449,0.429,0.12,0,NA
"263",1,15,3.372,0.771,0.671,1.829,0.511,0,NA
"264",1,15,1.302,0.298,0.514,0.317,0.089,0,NA
"265",1,15,0.424,0.424,0.485,0.118,0.112,2,1.012
"266",1,15,1.611,0.512,0.472,0.306,0.093,0,NA
"267",1,15,0.889,0.859,0.888,0.621,0.602,1,0.535
"268",1,15,4.016,0.855,0.732,1.864,0.686,1,0.214
"269",1,15,0.463,0.316,0.462,0.172,0.147,0,NA
"270",1,15,1.612,0.348,0.346,0.199,0.057,0,NA
"271",1,15,1.8,0.404,0.334,0.214,0.074,2,0.438
"272",1,15,0.346,0.254,0.481,0.063,0.053,0,NA
"273",1,15,0.595,0.373,0.454,0.127,0.107,0,NA
"274",1,15,1.035,0.859,0.71,0.54,0.361,2,0.792
"275",1,15,1.068,0.347,0.243,0.06,0.026,0,NA
"276",1,15,0.455,0.83,0.856,0.309,0.542,3,1.09
"277",1,15,2.138,0.198,0.359,0.293,0.072,0,NA
"278",1,15,3.35,0.748,0.403,0.573,0.141,0,NA
"279",1,15,0.75,0.907,0.894,0.515,0.542,2,0.717
"280",1,15,3.367,0.371,0.368,0.577,0.135,0,NA
"281",1,15,2.167,0.923,0.762,1.583,0.632,3,0.91
"282",1,15,0.508,0.421,0.336,0.066,0.039,0,NA
"283",1,15,2.154,0.82,0.305,0.19,0.111,0,NA
"284",1,15,0.577,0.388,0.839,0.454,0.266,0,NA
"285",1,17,NA,NA,NA,NA,NA,4,1.045
"286",1,17,0.33,0.411,0.491,0.08,0.112,2,1.084
"287",1,17,4.133,0.721,0.328,0.468,0.105,0,NA
"288",1,17,0.817,0.826,0.988,1.011,0.671,2,0.5
"289",1,17,4.082,0.704,0.356,0.404,0.137,0,NA
"290",1,17,4.796,0.827,0.611,1.553,0.525,0,NA
"291",1,17,1.302,0.283,0.314,0.162,0.051,0,NA
"292",1,17,0.615,0.501,0.473,0.172,0.111,3,0.852
"293",1,17,2.25,0.6,0.41,0.332,0.162,0,NA
"294",1,17,2.75,0.733,0.378,0.278,0.136,0,NA
"295",1,17,1.027,0.274,0.736,0.442,0.215,0,NA
"296",1,17,1,0.783,0.694,0.52,0.413,3,0.842
"297",1,17,1.78,0.494,0.293,0.145,0.057,0,NA
"298",1,17,1.978,0.549,0.248,0.125,0.049,0,NA
"299",1,17,0.571,0.723,0.833,0.406,0.499,3,0.939
"300",1,17,3.077,0.675,0.314,0.254,0.081,0,NA
"301",1,17,2.115,0.464,0.344,0.201,0.065,0,NA
"302",1,17,0.981,0.781,0.85,0.624,0.533,3,0.876
"303",1,17,2.627,0.724,0.287,0.251,0.094,0,NA
"304",1,17,2.255,0.622,0.372,0.35,0.132,0,NA
"305",1,17,0.51,0.476,0.809,0.363,0.399,3,0.794
"306",1,17,1.615,0.477,0.368,0.196,0.067,0,NA
"307",1,17,2.385,0.705,0.403,0.43,0.147,0,NA
"308",1,17,2.192,0.648,0.705,1.305,0.445,0,NA
"309",1,18,NA,NA,NA,NA,NA,5,1.037
"310",1,18,1.207,0.288,0.375,0.187,0.057,0,NA
"311",1,18,0.862,0.5,0.325,0.108,0.06,1,0.664
"312",1,18,1.427,0.588,0.815,0.815,0.449,0,NA
"313",1,18,0.839,0.6,0.395,0.18,0.116,2,0.989
"314",1,18,0.87,0.291,0.41,0.14,0.066,0,NA
"315",1,18,0.418,0.666,0.906,0.273,0.46,2,0.528
"316",1,18,3.77,0.79,0.443,0.903,0.254,0,NA
"317",1,18,3.197,0.67,0.577,1.648,0.464,0,NA
"318",1,18,1.103,0.514,0.344,0.181,0.075,1,0.322
"319",1,18,0.948,0.487,0.567,0.359,0.264,0,NA
"320",1,18,0.506,0.761,0.718,0.319,0.385,2,0.809
"321",1,18,3.068,0.487,0.267,0.188,0.048,0,NA
"322",1,18,0.568,0.841,0.859,0.388,0.699,2,1.046
"323",1,18,3.08,0.33,0.311,0.361,0.051,0,NA
"324",1,18,2.84,0.893,0.974,2.468,0.808,4,0.95
"325",1,18,1.155,0.394,0.377,0.2,0.086,0,NA
"326",1,18,1.93,0.659,0.335,0.227,0.098,0,NA
"327",1,18,0.789,0.269,0.342,0.142,0.061,0,NA
"328",1,18,0.817,0.433,0.761,0.597,0.326,1,0.39
"329",1,18,0.552,0.356,0.624,0.27,0.212,0,NA
"330",1,19,NA,NA,NA,NA,NA,5,1.076
"331",1,19,0.69,0.35,0.335,0.07,0.043,2,0.566
"332",1,19,0.883,0.346,0.452,0.228,0.115,0,NA
"333",1,19,1.55,0.608,0.602,0.748,0.379,0,NA
"334",1,19,1.897,0.377,0.175,0.05,0.016,0,NA
"335",1,19,1.322,0.35,0.358,0.176,0.07,1,0.637
"336",1,19,0.33,0.248,0.798,0.291,0.225,0,NA
"337",1,19,1.287,0.562,0.481,0.297,0.111,1,0.192
"338",1,19,1.196,0.545,0.438,0.21,0.174,0,NA
"339",1,19,1.023,0.801,0.757,0.579,0.451,2,1.016
"340",1,19,1.596,0.405,0.293,0.124,0.05,0,NA
"341",1,19,0.393,0.746,0.964,0.309,0.553,2,0.76
"342",1,19,2.286,0.306,0.31,0.243,0.054,0,NA
"343",1,19,0.571,0.866,0.815,0.508,0.724,3,1.061
"344",1,19,2.625,0.232,0.321,0.261,0.041,0,NA
"345",1,19,6.15,0.543,0.253,0.494,0.077,0,NA
"346",1,19,1.375,0.912,0.945,1.089,0.726,2,0.798
"347",1,19,6.509,0.867,0.425,1.365,0.319,0,NA
"348",1,19,1.709,0.513,0.786,1.505,0.447,1,0.339
"349",1,19,1.255,0.557,0.583,0.271,0.213,0,NA
"350",1,20,NA,NA,NA,NA,NA,5,1.302
"351",1,20,0.506,0.791,0.511,0.138,0.125,2,0.983
"352",1,20,2.512,0.325,0.463,0.47,0.124,0,NA
"353",1,20,1.326,0.87,0.876,0.973,0.611,1,0.469
"354",1,20,1.684,0.803,0.685,0.89,0.579,1,0.337
"355",1,20,1.417,0.586,0.581,0.543,0.352,0,NA
"356",1,20,1.376,0.279,0.26,0.105,0.025,0,NA
"357",1,20,1.047,0.56,0.451,0.217,0.091,1,0.366
"358",1,20,1.64,0.621,0.605,0.743,0.426,0,NA
"359",1,20,1.188,0.305,0.412,0.255,0.07,1,0.558
"360",1,20,0.267,0.211,0.747,0.138,0.121,0,NA
"361",1,20,0.753,0.797,0.775,0.478,0.448,3,1.106
"362",1,20,1.594,0.305,0.339,0.181,0.046,0,NA
"363",1,20,2.219,0.425,0.216,0.1,0.026,0,NA
"364",1,20,0.195,0.809,0.972,0.171,0.672,2,1.023
"365",1,20,11.6,0.536,0.369,1.325,0.086,0,NA
"366",1,20,1.84,0.954,0.942,1.803,0.849,3,0.923
"367",1,20,7.391,0.659,0.41,0.916,0.127,0,NA
"368",1,20,4.435,0.395,0.281,0.372,0.051,0,NA
"369",1,20,3,0.911,0.822,2.064,0.684,2,0.86
"370",1,20,2.406,0.706,0.327,0.205,0.085,0,NA
"371",1,20,0.551,0.647,0.868,0.363,0.497,3,1.122
"372",1,20,2.526,0.632,0.417,0.438,0.134,0,NA
"373",1,20,3,0.75,0.391,0.554,0.169,0,NA
"374",1,20,0.829,0.72,0.891,0.694,0.392,1,0.237
"375",1,20,2.476,0.712,0.487,0.854,0.46,0,NA
"376",2,1,NA,NA,NA,NA,NA,3,1.237
"377",2,1,0.665,0.786,0.532,0.21,0.229,2,0.906
"378",2,1,2.115,0.656,0.503,0.672,0.198,2,0.688
"379",2,1,0.791,0.477,0.404,0.138,0.095,1,0.171
"380",2,1,0.698,0.411,0.413,0.127,0.113,0,NA
"381",2,1,0.594,0.645,0.725,0.34,0.29,1,0.7
"382",2,1,0.169,0.673,0.837,0.107,0.278,2,0.309
"383",2,1,11.167,0.918,0.291,1.478,0.412,0,NA
"384",2,1,4.417,0.363,0.474,1.113,0.31,0,NA
"385",2,1,0.353,0.495,0.728,0.203,0.184,1,0.454
"386",2,1,2.1,0.907,0.674,1.324,0.782,2,1.104
"387",2,1,1.27,0.582,0.34,0.123,0.064,1,0.442
"388",2,1,0.4,0.531,0.665,0.192,0.291,2,0.82
"389",2,1,0.828,0.293,0.466,0.175,0.082,0,NA
"390",2,1,0.531,0.646,0.777,0.397,0.452,2,0.774
"391",2,1,2.441,0.709,0.612,0.724,0.297,0,NA
"392",2,1,2.118,0.615,0.631,0.717,0.294,0,NA
"393",2,1,0.349,0.785,0.995,0.341,0.568,1,0.693
"394",2,1,4,0.904,0.833,2.834,0.779,2,0.271
"395",2,1,1.364,0.577,0.317,0.105,0.084,0,NA
"396",2,1,0.756,0.505,0.413,0.117,0.113,1,0.337
"397",2,1,0.579,0.367,0.58,0.202,0.168,0,NA
"398",2,1,0.823,0.89,0.808,0.541,0.621,2,0.969
"399",2,1,0.774,0.079,0.366,0.097,0.015,0,NA
"400",2,1,2.452,0.898,0.914,2.304,0.827,2,0.994
"401",2,1,0.741,0.722,0.642,0.257,0.251,2,0.792
"402",2,1,0.281,0.596,0.763,0.154,0.31,3,0.666
"403",2,1,1.406,0.869,0.556,0.413,0.506,2,1.973
"404",2,1,1.378,0.292,0.445,0.201,0.036,0,NA
"405",2,1,1.044,0.788,1.332,0.838,0.786,2,0.773
"406",2,1,2.564,0.719,0.557,2.443,0.463,0,NA
"407",2,1,1.234,0.704,0.68,1.211,0.347,1,0.401
"408",2,1,1.034,0.508,0.633,0.512,0.339,0,NA
"409",2,1,1.373,0.392,0.288,0.149,0.067,0,NA
"410",2,1,0.349,0.715,0.842,0.282,0.483,2,0.589
"411",2,1,2.746,0.861,0.289,0.34,0.22,2,1.568
"412",2,1,0.901,0.401,0.965,0.724,0.294,0,NA
"413",2,1,1.247,0.555,0.798,0.736,0.299,0,NA
"414",2,1,1.729,0.532,0.711,1.147,0.518,2,0.737
"415",2,1,1.049,0.476,0.754,0.486,0.283,0,NA
"416",2,1,1.206,0.547,0.409,0.234,0.136,0,NA
"417",2,1,3.344,0.438,0.498,0.727,0.159,0,NA
"418",2,1,4.844,0.634,0.33,0.535,0.117,0,NA
"419",2,1,1.635,0.87,0.651,0.74,0.389,2,0.973
"420",2,1,0.18,0.572,0.628,0.109,0.216,2,1.043
"421",2,1,2.2,0.169,0.149,0.039,0.007,0,NA
"422",2,1,1.36,0.923,1.011,1.061,0.803,1,0.476
"423",2,1,3.618,0.886,0.69,1.743,0.749,2,0.835
"424",2,1,0.825,0.382,0.357,0.155,0.09,0,NA
"425",2,1,0.378,0.537,0.842,0.25,0.326,3,0.61
"426",2,1,1.462,0.477,0.406,0.288,0.129,0,NA
"427",2,1,2.065,0.674,0.379,0.323,0.144,0,NA
"428",2,1,1.57,0.512,0.549,0.627,0.28,0,NA
"429",2,1,0.558,0.755,0.76,0.394,0.409,3,0.858
"430",2,1,0.535,0.097,0.192,0.022,0.008,0,NA
"431",2,1,0.871,0.158,0.19,0.045,0.016,0,NA
"432",2,1,0.942,0.819,0.886,0.798,0.614,2,0.772
"433",2,1,1.466,0.305,0.341,0.222,0.104,0,NA
"434",2,1,0.185,0.792,0.81,0,0.426,1,0.097
"435",2,1,9.593,0.951,0.312,Inf,1,1,7.469
"436",2,1,0.255,0.51,2.733,2.304,0.841,3,0.98
"437",2,1,1.879,0.459,0.32,0.09,0.039,0,NA
"438",2,1,0.833,0.481,0.71,0.244,0.239,2,1.194
"439",2,1,1.055,0.446,0.943,0.833,0.369,0,NA
"440",2,1,1.364,0.577,0.552,0.426,0.188,0,NA
"441",2,1,3.091,0.756,0.611,0.664,0.288,0,NA
"442",2,7,NA,NA,NA,NA,NA,4,1.534
"443",2,7,0.833,0.664,0.535,0.344,0.161,2,1.187
"444",2,7,0.307,0.088,0.34,0.034,0.023,0,NA
"445",2,7,0.4,0.712,1.035,0.391,0.315,1,0.034
"446",2,7,5.179,0.838,0.185,0.217,0.178,0,NA
"447",2,7,0.976,0.77,0.597,0.411,0.28,3,1.024
"448",2,7,0.787,0.229,0.215,0.032,0.015,0,NA
"449",2,7,0.756,0.709,0.584,0.261,0.334,3,2.157
"450",2,7,0.952,0.295,0.209,0.051,0.018,0,NA
"451",2,7,1.492,0.462,0.434,0.266,0.095,0,NA
"452",2,7,0.903,0.69,1.387,0.645,0.532,3,0.444
"453",2,7,1.339,0.543,0.168,0.099,0.042,0,NA
"454",2,7,1.125,0.457,0.368,0.422,0.182,0,NA
"455",2,7,1.464,0.594,0.53,0.802,0.345,0,NA
"456",2,7,0.207,0.255,0.798,0.129,0.197,1,0.498
"457",2,7,3.235,0.764,0.706,2.361,0.702,0,NA
"458",2,7,0.417,0.096,0.55,0.159,0.049,0,NA
"459",2,7,0.583,0.693,0.767,0.31,0.2,2,0.657
"460",2,7,4.173,0.807,0.252,0.393,0.189,0,NA
"461",2,7,0.878,0.17,0.77,0.684,0.329,0,NA
"462",2,10,NA,NA,NA,NA,NA,3,1.127
"463",2,10,0.414,0.867,0.768,0.246,0.44,2,0.907
"464",2,10,5.04,0.937,0.603,2.728,0.578,2,1.074
"465",2,10,0.787,0.35,0.737,0.498,0.302,2,0.904
"466",2,10,3.627,0.516,0.28,0.281,0.056,0,NA
"467",2,10,2.746,0.858,0.909,2.925,0.747,2,0.426
"468",2,10,0.778,0.354,0.608,0.233,0.18,0,NA
"469",2,10,1.198,0.545,0.237,0.058,0.045,0,NA
"470",2,10,0.519,0.567,0.547,0.231,0.263,2,0.994
"471",2,10,1.809,0.575,0.533,0.513,0.159,1,0.829
"472",2,10,0.588,0.618,0.91,0.339,0.394,1,0.719
"473",2,10,1.75,0.636,0.848,0.914,0.477,0,NA
"474",2,10,3.106,0.879,0.842,1.928,0.653,3,1.292
"475",2,10,0.718,0.223,0.488,0.286,0.084,2,1.093
"476",2,10,1.338,0.572,0.383,0.153,0.112,0,NA
"477",2,10,0.162,0.069,0.973,0.218,0.159,0,NA
"478",2,10,0.671,0.288,0.213,0.034,0.019,0,NA
"479",2,10,0.623,0.268,0.385,0.123,0.068,0,NA
"480",2,10,0.195,0.571,1.048,0.184,0.356,2,0.51
"481",2,10,3.93,0.577,0.331,0.655,0.188,0,NA
"482",2,10,1.684,0.853,0.633,0.832,0.526,2,0.595
"483",2,10,0.729,0.71,0.465,0.171,0.171,2,0.758
"484",2,10,2.357,0.702,0.58,1.003,0.455,0,NA
"485",2,10,0.486,0.145,0.649,0.203,0.092,0,NA
"486",2,10,2.385,0.692,0.616,0.828,0.375,0,NA
"487",2,10,0.254,0.659,0.688,0.112,0.208,3,1.04
"488",2,10,2.208,0.29,0.488,0.554,0.169,0,NA
"489",2,10,1.312,0.869,0.878,0.875,0.52,1,0.18
"490",2,10,1.603,0.802,0.424,0.318,0.487,1,1.227
"491",2,10,1.525,0.604,1.108,1.989,0.665,0,NA
"492",2,10,0.865,0.113,0.176,0.019,0.006,0,NA
"493",2,10,0.265,0.373,0.774,0.159,0.227,2,0.9
"494",2,10,0.96,0.758,0.6,0.336,0.273,2,0.756
"495",2,10,0.64,0.556,0.735,0.353,0.332,2,0.479
"496",2,10,2.594,0.722,0.574,0.842,0.353,0,NA
"497",2,10,1.781,0.496,0.387,0.541,0.227,0,NA
"498",2,10,1.385,0.424,0.572,0.368,0.179,0,NA
"499",2,10,2.271,0.694,0.654,0.686,0.334,0,NA
"500",2,13,NA,NA,NA,NA,NA,3,NA
"501",2,13,1.055,0.82,0.349,0.178,0.15,2,1.189
"502",2,13,0.839,0.194,0.206,0.031,0.009,0,NA
"503",2,13,0.471,0.769,1.071,0.639,0.715,2,0.976
"504",2,13,1.463,0.728,0.627,0.328,0.171,2,0.8
"505",2,13,1.017,0.29,0.284,0.081,0.038,0,NA
"506",2,13,0.675,0.715,0.848,0.409,0.488,3,0.875
"507",2,13,1.111,0.299,0.451,0.369,0.146,0,NA
"508",2,13,0.593,0.159,0.321,0.081,0.032,0,NA
"509",2,13,1.383,0.731,0.754,0.857,0.425,1,0.39
"510",2,13,0.964,0.491,0.625,0.25,0.2,0,NA
"511",2,13,1.317,0.858,0.763,0.631,0.582,3,1.804
"512",2,13,1.556,0.339,0.419,0.214,0.057,0,NA
"513",2,13,0.963,0.21,0.27,0.045,0.012,0,NA
"514",2,13,0.852,0.782,1.247,0.896,0.663,2,0.632
"515",2,13,0.87,0.206,0.265,0.065,0.024,0,NA
"516",2,13,1.196,0.763,0.75,0.815,0.615,4,1.216
"517",2,13,1.691,0.628,0.51,0.23,0.11,0,NA
"518",2,13,0.345,0.622,0.774,0.197,0.285,2,0.655
"519",2,13,3.211,0.663,0.528,0.736,0.244,0,NA
"520",2,13,3.842,0.793,0.614,1.287,0.426,0,NA
"521",2,13,1.2,0.446,0.469,0.191,0.092,0,NA
"522",2,13,0.645,0.24,0.37,0.07,0.033,0,NA
"523",2,13,0,0.604,NA,0.174,0.353,2,NA
"524",2,13,Inf,1,NA,1.012,0.414,2,1.799
"525",2,13,1,0.679,0.901,0.221,0.238,1,0.289
"526",2,13,1.909,0.883,0.538,1.801,0.74,1,0.696
"527",2,13,2.952,0.747,0.834,0.579,0.367,0,NA
"528",2,13,1.455,0.921,0.994,0.554,0.481,1,0.682
"529",2,13,3.938,0.875,0.826,1.394,0.678,2,0.539
"530",2,13,0.706,0.399,0.521,0.177,0.117,0,NA
"531",2,13,0.77,0.435,0.517,0.331,0.219,0,NA
"532",2,13,0.697,0.781,0.645,0.25,0.264,2,1.039
"533",2,13,1.843,0.67,0.533,0.725,0.247,2,1.254
"534",2,13,1.264,0.558,0.38,0.118,0.076,0,NA
"535",2,13,0.434,0.302,1.054,0.313,0.277,1,0.684
"536",2,13,0.576,0.366,0.827,0.365,0.268,0,NA
"537",2,13,0.965,0.839,0.869,0.684,0.533,2,0.512
"538",2,13,2.234,0.413,0.213,0.119,0.034,0,NA
"539",2,13,1.459,0.815,0.683,1.071,0.684,2,1.032
"540",2,13,0.914,0.302,0.293,0.05,0.022,0,NA
"541",2,13,0.778,0.669,0.973,0.713,0.535,2,0.792
"542",2,13,1.603,0.616,0.236,0.093,0.055,0,NA
"543",2,13,0.762,0.552,0.858,0.494,0.355,1,0.219
"544",2,13,0.885,0.47,0.468,0.216,0.178,0,NA
"545",2,13,NA,0.635,NA,0.743,0.471,1,NA
"546",2,13,NA,1,NA,1.306,0.819,2,NA
"547",2,13,Inf,1,NA,0.189,0.094,1,0.166
"548",2,13,4.333,0.812,0.408,0.717,0.417,0,NA
"549",2,13,NA,0.642,NA,0.537,0.618,2,NA
"550",2,13,Inf,1,NA,0.421,0.105,0,NA
"551",2,13,NA,0.522,NA,1.225,0.645,3,NA
"552",2,13,Inf,0.788,NA,0.172,0.082,0,NA
"553",2,13,Inf,0.797,NA,0.037,0.017,0,NA
"554",2,13,NA,1,NA,0.253,0.426,2,NA
"555",2,13,Inf,1,NA,0.269,0.076,0,NA
"556",2,13,NA,0.797,NA,1.541,0.643,2,NA
"557",2,13,Inf,1,NA,0.117,0.079,0,NA
"558",2,13,NA,0.638,NA,0.257,0.245,1,NA
"559",2,13,Inf,1,NA,0.412,0.292,0,NA
"560",2,15,NA,NA,NA,NA,NA,2,1.331
"561",2,15,0.263,0.773,0.594,0.096,0.165,2,0.875
"562",2,15,0.242,0.852,0.989,0.189,0.656,2,1.208
"563",2,15,1.244,0.958,0.702,1.028,0.465,2,0.774
"564",2,15,3.821,0.775,0.482,0.872,0.214,1,0.925
"565",2,15,2.607,0.946,0.736,1.374,0.673,4,1.191
"566",2,15,0.795,0.384,0.26,0.049,0.02,2,0.305
"567",2,15,0.431,0.241,0.23,0.101,0.087,1,1.484
"568",2,15,0.483,0.69,0.502,0.297,0.349,3,0.503
"569",2,15,1.464,0.783,0.533,0.6,0.377,2,0.263
"570",2,15,0.244,0.594,0.406,0.148,0.113,0,NA
"571",2,15,0.39,0.158,0.312,0.162,0.124,0,NA
"572",2,15,0.8,0.444,1.218,0.544,0.352,0,NA
"573",2,15,2.041,0.147,0.346,0.255,0.028,1,0.095
"574",2,15,0.43,0.301,0.308,0.05,0.047,0,NA
"575",2,15,1.286,0.279,0.242,0.14,0.067,0,NA
"576",2,15,1.75,0.38,0.4,0.159,0.076,0,NA
"577",2,15,0.735,0.95,0.869,0.599,0.869,2,0.975
"578",2,15,3.222,0.562,0.391,0.516,0.095,2,0.886
"579",2,15,0.569,0.54,0.434,0.107,0.086,2,0.61
"580",2,15,1.061,0.249,0.266,0.101,0.048,0,NA
"581",2,15,0.545,0.765,0.734,0.368,0.475,2,0.674
"582",2,15,3.722,0.833,0.638,1.486,0.549,0,NA
"583",2,15,0.667,0.326,0.517,0.218,0.081,0,NA
"584",2,15,0.284,0.777,0.835,0.213,0.529,2,1.067
"585",2,15,1,0.191,0.184,0.038,0.006,0,NA
"586",2,15,0.97,0.918,1.016,0.847,0.839,2,0.793
"587",2,15,2.125,0.447,0.239,0.156,0.034,1,0.636
"588",2,15,0.5,0.59,0.797,0.392,0.282,0,NA
"589",2,15,1.562,0.914,0.858,1.672,0.809,4,0.719
"590",2,15,0.84,0.289,0.208,0.059,0.019,0,NA
"591",2,15,1.16,0.254,0.128,0.03,0.01,0,NA
"592",2,15,1.14,0.853,0.762,0.605,0.594,2,0.999
"593",2,15,0.491,0.363,0.277,0.05,0.016,0,NA
"594",2,15,0.772,0.803,0.96,0.621,0.652,2,0.904
"595",2,15,2.114,0.728,0.464,0.425,0.134,0,NA
"596",2,15,0.727,0.81,0.83,0.539,0.551,2,0.94
"597",2,15,2.312,0.66,0.453,0.432,0.134,0,NA
"598",2,15,0.75,0.83,0.857,0.689,0.558,1,0.416
"599",2,15,5.5,0.846,0.645,1.621,0.618,0,NA
"600",2,15,3.88,0.773,0.279,0.16,0.052,0,NA
"601",2,15,1.444,0.961,0.906,1.168,0.833,1,0.775
"602",2,15,2.692,0.942,0.88,2.564,0.9,3,1.023
"603",2,15,0.429,0.548,0.349,0.051,0.051,2,1.02
"604",2,15,0.167,0.131,0.166,0.008,0.002,0,NA
"605",2,15,3.857,0.135,0.163,0.133,0.011,0,NA
"606",2,15,0.233,0.869,0.996,0.205,0.714,2,0.767
"607",2,15,2.286,0.965,0.86,2.11,0.907,2,1.227
"608",2,15,0.906,0.247,0.279,0.08,0.015,0,NA
"609",2,15,0.469,0.917,1.072,0.452,0.795,2,0.96
"610",2,15,3.2,0.3,0.185,0.168,0.018,0,NA
"611",2,15,1.533,0.958,0.962,1.803,0.874,2,1.309
"612",2,15,0.783,0.408,0.262,0.069,0.015,0,NA
"613",2,15,0.435,0.932,1.114,0.557,0.761,2,1.779
"614",2,15,9,0.495,0.231,0.297,0.048,0,NA
"615",2,15,1.3,0.968,1.314,1.292,0.788,1,0.137
"616",2,15,12.923,0.957,0.37,2.733,0.732,0,NA
"617",2,15,0.214,0.335,0.363,0.03,0.036,2,1.007
"618",2,15,1.033,0.261,0.171,0.04,0.01,0,NA
"619",2,15,0.8,0.893,0.989,0.732,0.754,2,0.996
"620",2,15,1.083,0.4,0.218,0.077,0.025,1,0.576
"621",2,15,0.538,0.74,0.759,0.4,0.286,0,NA
"622",2,15,1.417,0.904,0.974,1.264,0.745,2,1.017
"623",2,15,2.559,0.553,0.251,0.162,0.063,0,NA
"624",2,15,0.412,0.85,0.977,0.357,0.547,2,0.86
"625",2,15,2.143,0.927,0.909,0.063,0.73,2,0.872
"626",2,15,1.2,0.399,0.174,2,0.044,0,NA
"627",2,15,1.2,0.831,0.917,34.846,0.934,1,0.113
"628",2,15,1.722,0.757,0.336,0.216,0.178,0,NA
"629",2,15,0.123,0.132,0.233,0.006,0.004,1,0.227
"630",2,15,6.111,0.859,0.477,1.601,0.616,0,NA
"631",2,15,0.786,0.37,0.182,0.063,0.016,0,NA
"632",2,15,0.778,0.897,0.846,0.741,0.484,3,0.779
"633",2,15,2.171,0.782,0.48,0.673,0.158,1,0.548
"634",2,15,1.829,0.561,0.353,0.241,0.063,2,0.589
"635",2,15,0.922,0.191,0.124,0.022,0.006,0,NA
"636",2,15,1.688,0.881,0.757,0.983,0.693,1,1.05
"637",2,15,0.204,0.773,1.025,0.227,0.573,3,0.937
"638",2,15,4.045,0.394,0.121,0.133,0.022,0,NA
"639",2,15,6.682,0.399,0.231,0.503,0.085,0,NA
"640",2,15,1.545,0.94,0.932,1.426,0.724,2,0.64
"641",2,15,2.235,0.22,0.185,0.114,0.038,0,NA
"642",2,15,1.118,0.902,0.779,0.947,0.629,1,0.343
"643",2,15,3.263,0.878,0.585,0.807,0.499,2,0.382
"644",2,15,0.806,0.547,0.486,0.156,0.126,0,NA
"645",2,15,0.492,0.442,0.383,0.08,0.065,0,NA
"646",2,15,0.921,0.899,0.74,0.67,0.665,2,1.021
"647",2,15,0.3,0.155,0.131,0.006,0.002,0,NA
"648",2,15,1.314,0.897,1.002,0.597,0.661,2,1.06
"649",2,15,1.413,0.214,0.104,0.02,0.006,0,NA
"650",2,15,0.217,0.848,1.024,0.246,0.69,1,0.52
"651",2,15,3.6,0.961,0.721,2.711,0.892,1,0.574
"652",2,15,1.722,0.855,0.758,1.092,0.671,2,0.804
"653",2,15,0.677,0.407,0.253,0.049,0.027,0,NA
"654",2,15,0.282,0.707,0.86,0.179,0.437,2,0.723
"655",2,15,3.714,0.435,0.349,0.524,0.115,0,NA
"656",2,15,1.086,0.883,0.775,0.802,0.665,3,0.896
"657",2,15,3.737,0.856,0.46,0.838,0.222,0,NA
"658",2,15,1.5,0.527,0.36,0.201,0.053,0,NA
"659",2,15,2.079,0.742,0.745,1.104,0.46,2,0.709
"660",2,15,1.481,0.597,0.517,0.434,0.276,0,NA
"661",2,15,0.449,0.731,0.962,0.315,0.537,2,0.834
"662",2,15,0.479,0.587,0.371,0.109,0.08,2,0.854
"663",2,15,1.913,0.257,0.391,0.146,0.054,0,NA
"664",2,15,0.696,0.865,0.837,0.436,0.575,2,0.911
"665",2,15,1.969,0.483,0.333,0.248,0.07,0,NA
"666",2,15,1.812,0.892,0.894,1.219,0.649,2,0.494
"667",2,15,1.172,0.432,0.329,0.151,0.08,0,NA
"668",2,15,1.879,0.78,0.621,0.738,0.391,0,NA
"669",2,15,0.188,0.835,0.834,0.166,0.648,2,1.021
"670",2,15,3.444,0.189,0.171,0.109,0.008,0,NA
"671",2,15,1.333,0.963,0.996,1.67,0.923,2,0.963
"672",2,15,0.417,0.021,0.191,0.015,0.002,0,NA
"673",2,15,3.75,0.949,0.963,2.057,0.872,2,0.798
"674",2,15,0.733,0.798,0.552,0.353,0.302,4,1.037
"675",2,15,2.455,0.738,0.383,0.348,0.121,0,NA
"676",2,15,0.667,0.254,0.191,0.043,0.015,0,NA
"677",2,15,1.182,0.361,0.246,0.089,0.031,0,NA
"678",2,15,0.591,0.814,0.891,0.472,0.486,4,1.186
"679",2,15,0.564,0.394,0.544,0.239,0.081,0,NA
"680",2,15,0.436,0.464,0.789,0.303,0.264,2,0.95
"681",2,15,0.765,0.776,0.906,0.69,0.388,1,0.376
"682",2,15,1.769,0.875,0.613,0.457,0.314,0,NA
"683",2,15,3.353,0.873,0.361,0.583,0.225,0,NA
"684",2,15,3.949,0.865,0.447,0.618,0.208,0,NA
"685",2,15,4.513,0.671,0.259,0.328,0.111,0,NA
"686",2,15,0.233,0.739,0.703,0.185,0.402,2,0.824
"687",2,15,10.19,0.936,0.35,1.265,0.173,0,NA
"688",2,15,0.952,0.936,0.837,0.619,0.69,3,1.175
"689",2,15,6.5,0.695,0.293,0.859,0.106,0,NA
"690",2,15,8.8,0.935,0.465,1.803,0.222,0,NA
"691",2,15,0.302,1.056,0.761,0.226,0.631,1,0.422
"692",2,15,9.385,0.957,0.649,2.7,0.867,1,0.862
"693",2,15,1.377,0.579,0.929,1.417,0.586,0,NA
"694",2,15,2.15,0.932,0.934,1.66,0.55,3,1.081
"695",2,15,1.535,0.422,0.251,0.15,0.056,0,NA
"696",2,15,0.209,0.85,0.663,0.109,0.49,2,0.58
"697",2,15,16.667,0.963,0.479,3.364,0.277,0,NA
"698",2,15,19.333,0.713,0.592,7.766,0.64,0,NA
"699",2,15,0.543,0.833,0.877,0.45,0.63,2,0.849
"700",2,15,1,0.109,0.129,0.014,0.003,0,NA
"701",2,15,1.342,0.891,0.912,1.055,0.794,3,0.942
"702",2,15,2.039,0.335,0.231,0.078,0.021,0,NA
"703",2,15,3.333,0.548,0.3,0.259,0.07,0,NA
"704",2,15,0.618,0.836,0.894,0.451,0.639,2,1.081
"705",2,15,0.589,0.336,0.301,0.05,0.023,1,0.591
"706",2,15,0.479,0.85,0.989,0.394,0.721,2,1.208
"707",2,15,1.057,0.42,0.333,0.134,0.049,2,0.787
"708",2,15,1.055,0.45,0.464,0.305,0.124,0,NA
"709",2,15,2.938,2.184,0.89,1.767,0.868,2,0.73
"710",2,15,1.811,0.524,0.211,0.078,0.027,0,NA
"711",2,15,0.649,0.787,0.861,0.383,0.628,2,0.905
"712",2,15,1.292,0.59,0.195,0.12,0.025,0,NA
"713",2,15,0.625,0.824,0.931,0.537,0.764,2,1
"714",2,15,7.458,1.226,0.404,1.324,0.178,0,NA
"715",2,15,0.8,0.867,0.967,0.738,0.812,3,0.849
"716",2,15,4.333,0.8,0.281,0.565,0.076,0,NA
"717",2,15,3.042,0.877,0.779,1.851,0.612,2,0.933
"718",2,15,0.219,0.573,0.847,0.239,0.47,2,0.943
"719",2,15,1.688,0.837,0.387,0.302,0.062,0,NA
"720",2,15,2.298,0.78,0.486,0.722,0.304,0,NA
"721",2,15,1.319,0.687,0.703,0.654,0.275,0,NA
"722",2,15,2.733,0.711,0.255,0.27,0.04,0,NA
"723",2,15,2.444,0.397,0.224,0.114,0.022,0,NA
"724",2,15,0.349,0.879,1.015,0.36,0.788,3,0.842
"725",2,15,5.909,0.285,0.193,0.289,0.025,0,NA
"726",2,15,6.182,0.952,0.603,2.361,0.422,4,0.728
"727",2,15,6.636,0.912,0.664,2.311,0.466,2,1.111
"728",2,15,0.877,0.483,0.268,0.09,0.039,0,NA
"729",2,15,0.288,0.649,1.02,0.321,0.529,6,0.729
"730",2,15,3.119,0.756,0.321,0.301,0.079,0,NA
"731",2,15,3.024,0.47,0.296,0.286,0.075,0,NA
"732",2,15,4.095,0.637,0.227,0.348,0.091,0,NA
"733",2,15,2.119,0.7,0.225,0.139,0.036,0,NA
"734",2,15,3.143,0.844,0.282,0.363,0.095,0,NA
"735",2,15,1.31,0.774,0.597,0.698,0.362,2,0.542
"736",2,15,2.436,0.641,0.564,0.582,0.294,0,NA
"737",2,15,2.4,0.737,0.472,0.401,0.202,0,NA
"738",2,15,1.029,0.484,0.342,0.142,0.069,0,NA
"739",2,15,1.912,0.599,0.277,0.183,0.089,0,NA
"740",2,15,1.86,0.583,0.277,0.144,0.07,0,NA
"741",2,15,0.669,0.687,0.677,0.293,0.284,3,0.626
"742",2,15,0.923,0.624,0.486,0.267,0.134,0,NA
"743",2,15,1.791,0.695,0.523,0.508,0.256,0,NA
"744",2,15,1.473,0.617,0.341,0.213,0.107,0,NA
"745",2,15,5.029,0.964,0.651,2.993,0.7,2,1.003
"746",2,15,0.33,0.431,0.327,0.034,0.027,1,0.269
"747",2,15,5.897,0.855,0.519,1.364,0.577,0,NA
"748",2,15,0.58,0.81,0.947,0.475,0.638,3,1.378
"749",2,15,1.176,0.864,0.608,0.457,0.316,2,1.168
"750",2,15,0.483,0.652,0.573,0.154,0.176,2,0.759
"751",2,15,3.293,0.663,0.375,0.581,0.184,0,NA
"752",2,15,1,0.863,0.786,0.471,0.499,2,0.902
"753",2,15,1.69,0.418,0.311,0.159,0.047,0,NA
"754",2,15,0.431,0.842,0.898,0.431,0.654,2,0.548
"755",2,15,4.08,0.578,0.439,0.911,0.18,0,NA
"756",2,15,11.32,0.919,0.596,3.164,0.623,0,NA
"757",2,15,0.317,0.815,0.917,0.219,0.463,2,0.867
"758",2,15,4.579,0.47,0.219,0.301,0.052,0,NA
"759",2,15,0.974,0.928,0.905,1,0.777,1,0.767
"760",2,15,2.108,0.925,0.876,1.427,0.779,2,0.624
"761",2,15,2.615,0.552,0.229,0.197,0.08,0,NA
"762",2,15,1.026,0.829,0.756,0.5,0.516,2,0.732
"763",2,15,1.875,0.536,0.365,0.304,0.119,0,NA
"764",2,15,0.788,0.788,0.774,0.315,0.49,4,0.319
"765",2,15,1.778,0.593,0.367,0.543,0.137,0,NA
"766",2,15,2.746,0.582,0.333,0.486,0.123,0,NA
"767",2,15,1.778,0.559,0.267,0.302,0.076,0,NA
"768",2,15,3.714,0.788,0.05,1.634,0.412,0,NA
"769",2,15,0.382,0.77,0.911,0.262,0.33,2,0.617
"770",2,15,3.59,0.933,0.524,1.588,0.556,2,0.917
"771",2,15,1.357,0.507,0.361,0.126,0.072,0,NA
"772",2,15,0.557,0.741,0.887,0.285,0.363,2,0.633
"773",2,15,3.026,0.715,0.31,0.455,0.203,0,NA
"774",2,15,0.641,0.805,0.733,0.345,0.352,2,0.757
"775",2,15,1.64,0.366,0.302,0.197,0.086,0,NA
"776",2,15,1.56,0.845,0.816,1.097,0.478,0,NA
"777",2,15,1.333,0.674,0.585,0.424,0.246,2,0.443
"778",2,15,3.154,0.538,0.249,0.233,0.08,0,NA
"779",2,15,1.769,0.867,0.617,0.856,0.579,2,0.89
"780",2,15,2.674,0.728,0.479,0.555,0.28,0,NA
"781",2,15,1.13,0.308,0.813,0.425,0.215,0,NA
"782",2,15,1.078,0.691,0.423,0.22,0.104,2,0.949
"783",2,15,1.227,0.725,0.659,0.377,0.2,0,NA
"784",2,15,0.673,0.788,0.718,0.195,0.271,2,0.863
"785",2,15,2.23,0.646,0.457,0.814,0.311,0,NA
"786",2,15,1,0.82,0.809,0.806,0.308,0,NA
"787",2,15,3.06,0.614,0.545,0.293,0.133,2,0.611
"788",2,15,1.242,0.446,0.252,0.456,0.116,0,NA
"789",2,15,0.784,0.641,0.74,1.474,0.63,2,0.776
"790",2,15,0.567,0.249,0.556,0.171,0.102,0,NA
"791",2,15,0.65,0.56,0.683,0.304,0.304,2,0.692
"792",2,15,0.756,0.386,0.667,0.372,0.222,0,NA
"793",2,15,0.651,0.737,0.769,0.395,0.505,2,0.6
"794",2,15,0.962,0.49,0.498,0.305,0.182,0,NA
"795",2,15,3.304,0.768,0.394,0.716,0.277,0,NA
"796",2,15,2.107,0.49,0.667,0.87,0.336,0,NA
"797",2,15,0.9,0.915,1.047,1.037,0.824,2,0.824
"798",2,15,2.032,0.169,0.097,0.029,0.005,0,NA
"799",2,15,0.794,0.917,0.902,0.603,0.836,2,1.024
"800",2,15,0.62,0.928,0.852,0.573,0.75,2,1.024
"801",2,15,3.71,0.495,0.243,0.191,0.017,0,NA
"802",2,15,1.613,0.952,0.982,1.25,0.895,3,0.897
"803",2,15,1.68,0.411,0.151,0.051,0.006,0,NA
"804",2,15,1,0.628,0.482,0.325,0.286,3,1
"805",2,15,2.54,0.709,0.452,4.589,0.64,0,NA
"806",2,15,3.04,0.395,0.594,0.636,0.089,0,NA
"807",2,15,0.7,0.87,0.666,0.275,0.131,2,0.75
"808",2,15,4.657,0.487,0.537,1.093,0.32,0,NA
"809",2,15,3.143,0.896,0.68,1.324,0.387,0,NA
"810",2,15,1.6,0.918,0.801,1.159,0.585,3,1.109
"811",2,15,2.5,0.643,0.388,0.33,0.08,0,NA
"812",2,15,0.65,0.654,0.622,0.256,0.264,2,0.89
"813",2,15,3,0.658,0.368,0.409,0.097,0,NA
"814",2,15,1.192,0.859,0.869,1.186,0.667,2,0.951
"815",2,15,1.516,0.715,0.49,0.277,0.116,0,NA
"816",2,15,1.097,0.804,0.843,0.566,0.463,2,0.432
"817",2,15,1.324,0.669,0.433,0.296,0.152,0,NA
"818",2,15,2.735,0.732,0.494,0.648,0.333,0,NA
"819",2,15,0.825,0.858,0.756,0.525,0.412,2,1.03
"820",2,15,3.197,0.437,0.248,0.154,0.048,0,NA
"821",2,15,1.061,0.863,0.984,0.763,0.642,2,0.482
"822",2,15,3.086,0.832,0.524,0.869,0.32,0,NA
"823",2,15,2.914,0.614,0.455,0.845,0.311,0,NA
"824",2,15,0.43,0.173,0.664,0.141,0.089,0,NA
