branch,parent,order,bearing,opp_length_cm,declination,length_cm,diameter_mm,angle,parent_dist
1,0,1,0,,90,93,180,,
2,1,2,210,,30,24.5,107,,
3,1,1,0,,0,22.5,178,,
4,3,2,260,,40,28,125,,
5,4,3,350,,35,107,60.3,,
6,4,2,230,,80,73,92,,
7,6,3,280,54,,58,23.9,,
8,7,4,225,25,,25,5.5,,
9,7,3,270,26,,28,12,,
10,9,4,330,41,,41,6.4,,
11,10,5,5,10,,10,2.6,,
12,10,4,330,16,,16,2,,
13,8,5,225,20,,20,6.7,,
14,2,3,180,50,,50,37,,
15,14,4,270,21.5,,21.5,11.4,,
16,9,4,60,-30,,36,2.9
17,9,4,60,10,,49,4.8
18,2,2,185,,60,18,93
19,18,3,260,47,,58,36.4
20,19,4,230,30,,33,15.8
21,20,5,320,-31,,35,4.2
22,20,4,240,17,,18,11.6
23,22,5,270,-81,,67,7.4
24,22,5,160,33,,12,6
25,19,3,,,,16.5,30.4
26,25,4,260,33,,16.5,5.6
27,25,3,230,13,,16,30.9
28,27,4,250,30,,34,7.4
29,28,5,270,44,,17,5.9
30,27,3,230,19,,25,26.5
31,30,4,240,30,,21,5.5
32,30,4,90,36,,29,3.4
33,30,3,190,30,,28.5,20.2
34,33,4,270,46,,14,5.6
35,33,3,190,22,,22,19.4
36,35,4,300,70,,46.5,9
37,35,3,190,15,,16,16.1
38,37,4,290,53,,37,7.3
39,37,3,190,10,,12,13.8
40,39,3,220,68,,66,8.9
41,30,4,300,73,,97,7.4
42,57,2,130,,20,70,74.2
43,42,3,140,30,,30,25.9
44,43,4,70,26,,5,4.3
45,46,4,200,44,,27,4.2
46,43,3,140,7,,7,25.8
47,46,3,140,16,,16,22.2
48,47,4,230,45,,14.5,6.2
49,47,3,140,7.5,,7.5,23.8
50,49,4,100,47,,24,4.4
51,49,3,140,12,,11.5,22.9
52,51,4,90,60,,9,6
53,51,3,140,4,,5,25.5
54,53,4,60,-54,,45,5.9
55,53,3,140,6,,6.5,33.5
56,55,4,120,137,,84,12.4
57,18,2,180,,55,26,84.3
58,42,3,220,15,,15,
59,58,4,280,33,,15.5,4.6
60,58,3,220,12,,12,
61,60,4,260,30,,13,5.8
62,61,5,60,,,7,4.4
63,60,3,200,17,,17,
64,63,4,0,0,,43.5,6.5
65,63,3,200,7,,7,
66,65,3,210,15,,15,
67,66,4,0,0,,18,4
68,66,3,200,18,,18,
69,68,4,120,30,,31,7.1
70,6,3,200,9,,9,
71,70,4,240,51,,55,10.2
72,65,4,290,25,,5.5,4.6
73,3,2,60,,45,17.5,150.5
74,73,3,120,25,,38,72.3
75,73,4,60,10,,32,53.1
76,75,5,330,0,,29.5,6.6
77,86,5,50,25,,11,41.2
78,77,5,310,55,,44.5,5
79,77,5,90,0,,73.5,9.5
80,77,4,50,45,,17,38.4
81,80,5,320,17,,38,7.1
82,80,4,50,45,,19,29.9
83,82,5,70,20,,62,17.5
84,83,6,20,-5,,50,8.5
85,83,6,100,25,,30.5,6.7
86,75,5,50,25,,54,40.2
87,74,3,120,35,,35,53.5
88,87,4,310,0,,10.5,7
89,87,3,150,50,,46,53.6
90,89,4,320,0,,65,5.6
91,89,3,120,70,,10,54.9
92,91,4,50,20,,36,39.6
93,92,5,90,0,,62,30
94,93,6,160,10,,42,7.6
95,93,5,80,20,,17.5,25.8
96,95,6,10,25,,65,9
97,95,5,90,20,,19,20
98,97,6,150,0,,71,9.2
99,97,6,10,20,,28.5,7.2
100,97,5,70,15,,39.5,14.9
101,100,6,120,5,,58.5,7.7
102,124,4,50,,35,23,21.5
103,102,5,110,,-10,44,8.4
104,102,4,20,,0,16,18
105,104,5,100,,15,31.5,6
106,104,4,30,,0,29,16.1
107,106,5,340,,-40,34,5.3
108,106,4,20,,0,54.5,10
109,124,3,190,,45,9,48.4
110,109,4,160,,10,31,8.3
111,109,3,190,,40,12,48.2
112,111,4,120,,15,5,9.2
113,111,3,310,,30,45,46.4
114,113,4,10,,40,33,25.6
115,114,5,210,,80,81,9.8
116,114,5,140,,30,22,4.9
117,114,5,70,,45,39,6.3
118,114,4,0,,5,19.5,22.8
119,118,5,290,,0,11,12.4
120,118,4,20,,0,8.5,18
121,120,5,110,,80,6.5,16.3
122,121,6,130,,80,11.5,10
123,120,5,20,,0,28.5,6.5
124,5,3,340,,20,48,58
125,118,5,350,,10,77,10.2
126,118,5,230,,10,88,5.9
127,113,4,250,,25,10.5,32.6
128,127,5,160,,40,107,11.4
129,127,4,250,,20,10,27.3
130,129,5,170,,50,65,8
131,129,5,250,,50,88,12.7
132,139,5,330,,35,6.5,19.4
133,132,5,0,,20,61,12.6
134,133,6,300,,55,84,11.7
135,139,5,220,,20,33,6.4
136,139,4,220,,10,4.5,16.9
137,136,5,170,,50,75,8.1
138,136,4,220,,10,87,10
139,129,4,240,,25,21.5,25.5
140,42,2,120,,55,38,65.1
141,140,3,60,,0,38,8.4
142,140,2,150,,20,51,59.4
143,142,3,60,,0,104,13.7
144,142,3,200,,35,170,17.8
145,142,2,140,,50,31.5,53.1
146,6,4,,,,43,27.7
147,6,3,310,,45,35,91
148,147,4,140,,20,37,30.3
149,157,5,80,,0,38.5,8.5
150,158,4,180,,0,23.5,13.8
151,148,5,90,,35,67,6.4
152,148,4,150,,20,24,26.1
153,152,5,70,,35,31,5.1
154,152,4,150,,15,15,24.3
155,163,5,90,,5,89.5,9.5
156,163,5,180,,-35,52,6.6
157,163,4,140,,15,36.5,18.3
158,157,4,180,,0,8,15.5
159,158,5,270,,45,13.5,6
160,150,5,110,,35,54,6.7
161,150,4,210,,5,31,9.7
162,154,5,0,,90,41,6.2
163,154,4,150,,20,12,23.5
164,145,3,180,,0,77,11.9
165,145,2,140,,60,11,53.9
166,165,3,250,,20,65,10.4
167,165,3,70,,30,68,32.5
168,165,2,120,,65,73,35.8
169,168,3,10,,40,64,9.6
170,168,2,120,,75,21,36.5
171,170,3,300,,40,65.5,11.7
172,170,3,200,,20,63.5,10.8
173,170,3,90,,0,86,8.3
174,170,3,120,,-25,44.5,8.2
175,170,3,80,,15,66,10.3
176,170,2,120,,75,27.5,21.8
177,176,3,120,,75,67,12.3
178,176,3,40,,30,66,10.3
179,167,4,240,,60,70,11.1
180,167,4,20,,35,130,9
181,167,4,110,,0,126.5,9
182,167,3,90,,45,45.5,22
183,182,4,30,,25,42,10.7
184,182,3,120,,15,81.5,11.5
185,182,4,120,,-10,67,7.5
186,73,2,0,,50,88,98
187,186,3,60,,45,29,32
188,187,4,120,,25,171,16.6
189,186,2,10,,75,51,92.8
190,189,3,80,,30,60,56.4
191,190,4,180,,45,29,32.3
192,191,5,120,,25,95.5,12.1
193,191,4,180,,50,29,25.4
194,193,5,290,,15,49,7.9
195,193,4,160,,45,12.5,22.8
196,195,5,230,,25,51,10
197,195,4,150,,30,141.5,13.6
198,190,3,80,,65,19,51.7
199,198,4,100,,15,87,11.3
200,198,3,80,,65,18.5,46.8
201,200,4,100,,30,39,41
202,201,5,110,,0,102,9.4
203,201,4,90,,45,40,31
204,203,5,340,,45,75,11.3
205,203,4,110,,45,31.5,24
206,205,5,190,,15,56,8.8
207,205,5,140,,0,86.5,8
208,205,5,20,,0,56,6.4
209,205,4,90,,55,117,1.2
210,189,2,,,,19.5,84.5
211,210,3,50,,35,70,44.3
212,211,4,350,,10,95,16
213,211,4,30,,40,39,39.3
214,213,5,120,,20,118,12.2
215,213,4,10,,50,25,28.8
216,215,5,240,,80,41,8.7
217,215,4,50,,15,39,23.5
218,210,3,10,,10,26,49.4
219,218,4,310,,30,82,12.3
220,218,3,10,,15,46,30.5
221,220,4,310,,30,123,14.6
222,220,3,10,,0,52,24.8
223,189,3,0,,90,55,39.3
224,223,4,260,,65,67.5,25.9
225,223,4,0,,90,37,28.2
226,225,5,10,,50,82.5,12.9
227,225,4,320,,50,37,22.8
228,240,3,130,,45,76.5,46.9
229,228,4,100,,0,95,11.8
230,228,3,100,,35,60,34.7
231,230,4,10,,40,34,19.3
232,230,3,90,,35,39,23.7
233,232,4,150,,55,29.5,15.8
234,232,3,90,,15,37.5,11.8
235,237,5,340,,20,92.5,8.4
236,237,4,270,,0,59,14.2
237,146,4,310,,0,28,21.3
238,147,2,240,,80,31.5,95.3
239,238,3,250,,15,64,9.2
240,238,2,210,,60,25,86
241,240,2,230,,60,15.5,73.3
242,241,3,330,,0,57.5,17.8
243,241,2,260,,45,25,72
244,243,3,0,,0,42,10.9
245,243,3,320,,65,25,34.7
246,245,4,310,,25,63.5,15.7
247,245,4,270,,30,76,20.6
248,245,4,150,,40,17.5,23.1
249,248,5,180,,55,81.5,12.4
250,248,5,160,,65,55,15.7
251,243,3,150,,55,40,57.7
252,251,4,30,,45,100,22.4
253,251,4,240,,35,26,35.9
254,253,5,170,,15,78,13.2
255,253,4,240,,55,31,31.2
256,255,5,110,,35,47,15.3,,
257,255,4,280,,60,34,26.3,,
258,257,5,190,,20,45,11.4,,
259,257,4,250,,50,93,13,,
260,251,3,120,,35,33,43.6,,
261,260,4,50,,0,105.5,10.8,,
262,260,3,100,,45,35,42.9,,
263,262,4,70,,60,108,22.5,,
264,262,3,120,,45,102,19.5,,
265,100,6,30,45,,17,9.9,,
266,11,6,,,,50,2,12,10
267,11,6,,,,12.5,2,3,9.5
268,11,6,,,,9,2,9,10
269,12,5,,,,45,2,2,14
270,12,5,,,,16,2,9,0.5
271,10,5,,,,18,2,3,0
272,10,5,,,,45,2,2,10
273,10,5,,,,50,2,4,20
274,10,5,,,,29,2,10,25
275,10,5,,,,43,2,2,30
276,10,5,,,,26,2,10,37
277,13,6,,,,23,2,3,5
278,8,5,,,,20,2,5,19
279,7,4,,,,14,2,7,40
280,9,4,,,,20,2,11,16
281,9,4,,,,43,2,7,19
282,17,5,,,,30,2,3,1
283,17,5,,,,40,2,3,12
284,16,5,,,,25,2,1,1
285,7,4,,,,0,2,1,5
286,7,4,,,,0,2,9,12
287,7,4,,,,0,2,6,18
288,7,4,,,,0,2,12,20
289,7,4,,,,0,2,7,25
290,7,4,,,,0,2,2,29
291,7,4,,,,0,2,9,30
292,7,4,,,,0,2,12,35
293,7,4,,,,0,2,7,38
294,7,4,,,,0,2,4,41
295,7,4,,,,0,2,11,43
296,7,4,,,,14.5,2,1,46
297,86,6,,,,0,2,3,6
298,86,6,,,,3,2,7,11
299,86,6,,,,42,2,1,15
300,86,6,,,,0,2,5,22
301,86,6,,,,0,2,10,27
302,86,6,,,,0,2,2,32
303,86,6,,,,0,2,6,38
304,86,6,,,,15,2,5,43
305,86,6,,,,0,2,7,45
306,86,6,,,,0,2,2,49
307,86,6,,,,0,2,5,25
308,77,6,,,,58,2,6,2
309,77,6,,,,0,2,10,7
310,80,5,,,,0,2,11,4
311,80,5,,,,36,2,3,5
312,80,5,,,,0,2,6,6
313,80,5,,,,0,2,12,9
314,80,5,,,,0,2,5,15
315,89,4,,,,0,2,6,
316,89,4,,,,0,2,2,
317,89,4,,,,34,2,8,
318,89,4,,,,17,2,5,
319,89,4,,,,0,2,11,
320,89,4,,,,0,2,7,
321,89,4,,,,7,2,3,
322,89,4,,,,4,2,9,
323,89,4,,,,35,2,5,
324,89,4,,,,0,2,10,
325,89,4,,,,28,2,6,
326,91,4,,,,0,2,6,4
327,91,4,,,,49,2,3,7
328,91,4,,,,0,2,3,10
329,91,4,,,,0,2,6,10
330,90,5,,,,7,2,2,0
331,90,5,,,,31,2,7,5
332,90,5,,,,34.5,2,4,15
333,90,5,,,,5,2,5,23
334,90,5,,,,35,2,2,24
335,90,5,,,,7,2,6,33
336,90,5,,,,11,2,4,34
337,90,5,,,,12,2,12,42
338,7,4,,,,0,2,9,51
339,7,4,,,,0,2,7,54
340,7,4,,,,0,2,1,55
341,58,4,,,,5,2,9,7
342,60,4,,,,0,2,7,4
343,63,4,,,,0,2,9,7
344,63,4,,,,0,2,3,10
345,63,4,,,,0,2,6,13
346,65,4,,,,0,2,5,2
347,66,4,,,,0,2,5,
348,66,4,,,,0,2,9,
349,66,4,,,,17,2,1,
350,66,4,,,,0,2,3,
351,66,4,,,,0,2,7,
352,66,4,,,,0,2,6,
353,68,4,,,,0,2,5,4
354,68,4,,,,0,2,10,6
355,68,4,,,,0,2,3,8
356,68,4,,,,0,2,6,10
357,68,4,,,,27,2,1,13
358,68,4,,,,0,2,4,316
359,70,4,,,,24,2,2,3
360,70,4,,,,0,2,6,6
361,82,5,,,,5.5,2,2,4
362,82,5,,,,0,2,3,4
363,82,5,,,,0,2,4,11
364,82,5,,,,24.5,2,5,16
365,82,5,,,,39,2,7,17
366,82,5,,,,24,2,12,19
367,82,5,,,,45,2,6,19
368,82,5,,,,28.5,2,8,17
369,82,5,,,,51,2,9,17
370,83,6,,,,81,2,2,4
371,83,6,,,,43.5,2,10,8.5
372,83,6,,,,63,2,1,11
373,83,6,,,,77,2,11,17
374,83,6,,,,0,2,2,19
375,83,6,,,,0,2,4,32
376,83,6,,,,0,2,5,51
377,83,6,,,,2.5,2,3,53
378,83,6,,,,25,2,8,54
379,83,6,,,,36,2,5,57
380,83,6,,,,0,2,1,58
381,83,6,,,,52,2,11,59
382,83,6,,,,0,2,7,53.5
383,81,6,,,,15,2,2,2
384,81,6,,,,7.5,2,1,11
385,81,6,,,,69,2,4,8
386,81,6,,,,36.5,2,3,35
387,81,6,,,,38,2,12,36
388,81,6,,,,27,2,10,36
389,74,4,,,,0,2,6,27
390,74,4,,,,0,2,11,30
391,74,4,,,,0,2,4,33
392,74,4,,,,0,2,4,10
393,87,4,,,,0,2,3,25
394,87,4,,,,0,2,11,30
395,87,4,,,,35,2,12,32
396,87,4,,,,55,2,9,38
397,87,4,,,,0,2,1,41
398,87,4,,,,0,2,7,17
399,92,5,,,,39,2,11,1.5
400,92,5,,,,0,2,4,28.5
401,92,5,,,,34,2,2,27
402,92,5,,,,22,2,10,28
403,92,5,,,,26.5,2,9,29
404,75,5,,,,0,2,6,15
405,75,5,,,,4.5,2,11,22
406,75,5,,,,0,2,10,23
407,75,5,,,,0,2,6,29.5
408,75,5,,,,0,2,1,28.5
409,75,5,,,,21,2,7,2
410,96,7,,,,17.5,2,2,5.5
411,96,7,,,,34,2,9,8.5
412,96,7,,,,17.5,2,5,12
413,96,7,,,,4,2,6,22
414,96,7,,,,3,2,6,23.5
415,96,7,,,,19,2,3,24.5
416,96,7,,,,28,2,9,27
417,96,7,,,,3,2,12,46
418,96,7,,,,6.5,2,10,47
419,96,7,,,,0,2,4,50
420,96,7,,,,26.5,2,2,53
421,96,7,,,,4.5,2,7,56
422,96,7,,,,16,2,3,60
423,96,7,,,,5.5,2,9,62.5
424,124,4,,,,0,2,9,0
425,124,4,,,,28,2,11,26
426,124,4,,,,37,2,1,27
427,124,4,,,,0,2,8,31
428,124,4,,,,0,2,3,33
429,124,4,,,,47,2,9,37
430,109,4,,,,75,2,10,3
431,109,4,,,,0,2,6,7
432,111,4,,,,0,2,8,2
433,111,4,,,,32,2,4,6
434,111,4,,,,54.5,2,10,8
435,111,4,,,,8,2,6,9
436,113,4,,,,84,2,10,3
437,113,4,,,,0,2,1,3
438,113,4,,,,50,2,2,3
439,113,4,,,,33,2,2,3
440,113,4,,,,0,2,4,3
441,113,4,,,,0,2,2,10
442,113,4,,,,22.5,2,2,10
443,113,4,,,,49,2,9,14
444,113,4,,,,80,2,3,17.5
445,113,4,,,,51,2,10,19
446,113,4,,,,44.5,2,7,17
447,113,4,,,,40,2,8,18
448,113,4,,,,0,2,6,45
449,141,4,,,,18,2,11,4
450,141,4,,,,3.5,2,2,8.5
451,141,4,,,,20,2,5,13.5
452,141,4,,,,11,2,11,17.5
453,141,4,,,,4.5,2,3,21.5
454,141,4,,,,22.5,2,6,25
455,141,4,,,,21.5,2,2,28.5
456,141,4,,,,15.5,2,10,30
457,143,4,,,,51,2,6,0.5
458,143,4,,,,9,2,3,25
459,143,4,,,,3.5,2,12,25.5
460,143,4,,,,3,2,2,27
461,143,4,,,,20,2,9,27
462,143,4,,,,14.5,2,1,31
463,143,4,,,,12,2,7,34.5
464,143,4,,,,53.5,2,9,38
465,143,4,,,,71.5,2,12,48
466,143,4,,,,31,2,9,53.5
467,143,4,,,,39.5,2,9,59.5
468,143,4,,,,20,2,8,63
469,143,4,,,,53,2,1,66
470,143,4,,,,13,2,7,86.5
471,143,4,,,,19,2,12,88.5
472,143,4,,,,24,2,10,94
473,143,4,,,,6,2,6,101
474,143,4,,,,0,2,6,28
475,143,4,,,,0,2,6,55
476,143,4,,,,0,2,2,41.5
477,143,4,,,,0,2,3,51
478,143,4,,,,0,2,3,60
479,143,4,,,,0,2,2,97
480,144,4,,,,0,2,7,2.5
481,144,4,,,,0,2,12,5.5
482,144,4,,,,0,2,6,10.5
483,144,4,,,,0,2,9,14.5
484,144,4,,,,12,2,5,25.5
485,144,4,,,,20.5,2,8,29.5
486,144,4,,,,28,2,4,31
487,144,4,,,,0,2,12,31
488,144,4,,,,0,2,6,36.5
489,144,4,,,,17,2,10,39.5
490,144,4,,,,22,2,2,43.5
491,144,4,,,,3.5,2,7,45.5
492,144,4,,,,3.5,2,12,52
493,144,4,,,,12.5,2,5,55
494,144,4,,,,17,2,9,58
495,144,4,,,,48,2,1,62
496,144,4,,,,0.5,2,6,64
497,144,4,,,,0.5,2,9,66.5
498,144,4,,,,30.5,2,3,69.5
499,144,4,,,,7,2,7,71
500,144,4,,,,94.5,2,10,73
501,144,4,,,,4,2,6,75
502,144,4,,,,10,2,9,78
503,144,4,,,,21,2,3,81.5
504,144,4,,,,9,2,8,85
505,144,4,,,,68.5,2,1,88.5
506,144,4,,,,6,2,6,90.5
507,144,4,,,,0,2,6,93.5
508,144,4,,,,55,2,10,96.5
509,144,4,,,,35,2,3,100
510,144,4,,,,16,2,9,101
511,144,4,,,,57.5,2,1,101
512,144,4,,,,56,2,10,101
513,144,4,,,,3.5,2,6,101.5
514,144,4,,,,3.5,2,12,105
515,144,4,,,,4,2,6,107.5
516,144,4,,,,20,2,5,110
517,144,4,,,,16.5,2,9,113.5
518,144,4,,,,48,2,2,117.5
519,144,4,,,,31,2,7,120.5
520,144,4,,,,12,2,9,122
521,144,4,,,,30,2,10,130.5
522,144,4,,,,13,2,11,133
523,144,4,,,,7,2,4,133
524,144,4,,,,0,2,9,136
525,144,4,,,,0,2,4,138.5
526,144,4,,,,5,2,8,143
527,144,4,,,,13,2,12,146.5
528,144,4,,,,2,2,3,154
529,144,4,,,,5.5,2,2,162
530,144,4,,,,0,2,11,6.5
531,144,4,,,,3.5,2,2,11
532,144,4,,,,32.5,2,8,14
533,144,4,,,,43,2,12,19
534,144,4,,,,28,2,4,20
535,144,4,,,,30,2,11,24.5
536,144,4,,,,21,2,3,28
537,144,4,,,,40,2,9,29.5
538,144,4,,,,33,2,12,33
539,144,4,,,,4,2,5,34.5
540,144,4,,,,64,2,5,38
541,144,4,,,,26.5,2,5,42
542,144,4,,,,52,2,2,38
543,144,4,,,,39,2,11,45
544,144,4,,,,69.5,2,4,49.5
545,144,4,,,,58,2,9,52
546,144,4,,,,48,2,1,57
547,144,4,,,,0,2,6,60
548,144,4,,,,57,2,10,64
549,144,4,,,,91,2,3,66.5
550,144,4,,,,73,2,1,74
551,42,3,,,,0,2,9,17
552,42,3,,,,0,2,6,38
553,42,3,,,,9,2,9,46
554,42,3,,,,0,2,1,50
555,42,3,,,,0,2,6,54
556,42,3,,,,0,2,9,55
557,42,3,,,,0,2,3,60
558,42,3,,,,0,2,12,63
559,42,3,,,,0,2,12,38
560,140,3,,,,0,2,11,6
561,140,3,,,,0,2,5,13
562,140,3,,,,0,2,10,15
563,140,3,,,,35,2,3,23
564,140,3,,,,0,2,9,29
565,140,3,,,,0,2,12,30
566,140,3,,,,0,2,12,38
567,142,3,,,,25,2,1,12
568,142,3,,,,30,2,9,17
569,142,3,,,,16,2,3,22
570,142,3,,,,46,2,8,27
571,142,3,,,,56,2,5,32
572,142,3,,,,0,2,3,36
573,142,3,,,,0,2,1,25
574,142,3,,,,0,2,7,15
575,145,3,,,,0,2,12,0
576,145,3,,,,0,2,2,7
577,145,3,,,,38,2,6,13
578,145,3,,,,38,2,10,16
579,145,3,,,,0,2,3,20
580,145,3,,,,43,2,8,24
581,145,3,,,,3,2,2,26
582,145,3,,,,36,2,11,29
583,182,4,,,,14,2,3,9
584,182,4,,,,4,2,8,13
585,182,4,,,,0,2,2,18
586,182,4,,,,17,2,6,20
587,182,4,,,,50,2,10,24
588,182,4,,,,0,2,3,27
589,182,4,,,,6,2,6,30
590,182,4,,,,36,2,11,34
591,182,4,,,,10,2,5,37
592,182,4,,,,73,2,9,40
593,182,4,,,,4,2,12,44
594,182,4,,,,5,2,2,45
595,182,4,,,,0,2,11,6
596,167,4,,,,3,2,2,4
597,167,4,,,,18,2,6,9
598,167,4,,,,30,2,12,13
599,167,4,,,,20,2,5,15.5
600,167,4,,,,29.5,2,9,20
601,167,4,,,,48,2,7,26.5
602,167,4,,,,2.5,2,8,26.5
603,167,4,,,,71.5,2,4,30
604,167,4,,,,0,2,9,30
605,167,4,,,,37,2,1,30
606,167,4,,,,3.5,2,2,32.5
607,167,4,,,,0,2,6,35
608,167,4,,,,49.5,2,10,38.5
609,167,4,,,,3,2,4,41
610,167,4,,,,35,2,8,45
611,167,4,,,,7,2,1,48
612,167,4,,,,27,2,5,53
613,167,4,,,,60,2,9,55
614,167,4,,,,85.5,2,3,60
615,167,4,,,,75,2,6,62
616,167,4,,,,51,2,1,65
617,148,5,,,,47,2,8,8
618,148,5,,,,31,2,3,12
619,148,5,,,,32.5,2,9,17
620,148,5,,,,0,2,4,21.5
621,148,5,,,,10,2,1,24
622,148,5,,,,14,2,7,27
623,148,5,,,,47,2,3,29.5
624,148,5,,,,34,2,12,32
625,148,5,,,,51,2,6,34
626,152,5,,,,57.5,2,9,18
627,152,5,,,,12,2,4,20
628,154,5,,,,8,2,6,3
629,154,5,,,,3.5,2,2,7
630,154,5,,,,2,2,7,9.5
631,154,5,,,,3.5,2,4,12.5
632,163,5,,,,14,2,6,3
633,163,5,,,,5.5,2,2,7
634,163,5,,,,4,2,11,11
635,157,5,,,,3,2,2,2
636,157,5,,,,2.5,2,7,4.5
637,157,5,,,,5,2,3,9
638,157,5,,,,49,2,10,13
639,157,5,,,,17,2,5,17
640,157,5,,,,15.5,2,2,21
641,157,5,,,,43,2,8,24
642,157,5,,,,18,2,5,28
643,157,5,,,,45,2,12,30.5
644,158,5,,,,3,2,8,1
645,158,5,,,,3,2,4,2.5
646,190,4,,,,0,2,3,22
647,190,4,,,,31,2,10,25
648,190,4,,,,8.5,2,6,28
649,190,4,,,,8.5,2,2,37
650,190,4,,,,63.5,2,9,40
651,190,4,,,,0,2,4,41.5
652,190,4,,,,0,2,11,43
653,190,4,,,,0,2,6,46
654,190,4,,,,70.5,2,2,47.5
655,190,4,,,,37.5,2,5,53.5
656,190,4,,,,0,2,12,32
657,198,4,,,,27.5,2,12,3
658,198,4,,,,0,2,3,11.5
659,198,4,,,,80.5,2,9,15
660,200,4,,,,0,2,12,0
661,200,4,,,,19,2,2,6
662,200,4,,,,0,2,10,9
663,200,4,,,,0,2,6,11
664,200,4,,,,0,2,12,15
665,200,4,,,,0,2,11,18.5
666,211,4,,,,32.5,2,11,
667,211,4,,,,0,2,2,
668,211,4,,,,0,2,9,
669,211,4,,,,0,2,3,
670,211,4,,,,2,2,12,
671,211,4,,,,16,2,12,
672,211,4,,,,50,2,7,
673,211,4,,,,27.5,2,3,
674,211,4,,,,0,2,3,31.5
675,211,4,,,,70.5,2,12,33
676,211,4,,,,18,2,9,38
677,211,4,,,,28.5,2,10,44
678,211,4,,,,0,2,6,47
679,211,4,,,,33,2,12,49
680,211,4,,,,4.5,2,3,55
681,211,4,,,,15,2,10,58
682,211,4,,,,13,2,6,62
683,211,4,,,,0,2,6,63
684,211,4,,,,88,2,3,65
685,213,5,,,,0,2,4,2
686,213,5,,,,85,2,12,8.5
687,213,5,,,,48.5,2,6,12
688,213,5,,,,45.5,2,3,17
689,213,5,,,,23,2,9,21
690,213,5,,,,9,2,5,23
691,213,5,,,,104,2,12,27
692,213,5,,,,5,2,3,29.5
693,213,5,,,,84,2,3,31.5
694,213,5,,,,81,2,9,34
695,213,5,,,,0,2,12,39
696,213,5,,,,0,2,12,39
697,187,4,,,,0,2,4,3
698,187,4,,,,0,2,5,3
699,187,4,,,,0,2,9,7
700,187,4,,,,0,2,5,11
701,187,4,,,,0,2,12,13.5
702,187,4,,,,0,2,7,17
703,187,4,,,,0,2,3,20
704,187,4,,,,57,2,9,23
705,187,4,,,,60,2,9,24
706,187,4,,,,0,2,12,29
707,168,3,,,,41,2,11,83
708,170,3,,,,72,2,12,2
709,170,3,,,,0,2,3,2.5
710,170,3,,,,0,2,3,3
711,170,3,,,,0,2,2,2.5
712,170,3,,,,0,2,11,4
713,170,3,,,,3,2,11,9
714,176,3,,,,14,2,4,0.5
715,176,3,,,,36.5,2,10,4
716,176,3,,,,13,2,3,9
717,176,3,,,,36,2,9,13
718,176,3,,,,76,2,2,16.5
719,176,3,,,,82,2,11,27
720,176,3,,,,76,2,11,29
721,176,3,,,,4.5,2,1,29
722,180,5,,,,8.5,2,8,10
723,180,5,,,,6,2,3,13
724,180,5,,,,15.5,2,7,18
725,180,5,,,,18,2,12,20
726,180,5,,,,43,2,7,27
727,180,5,,,,10,2,2,28
728,180,5,,,,70.5,2,10,35
729,180,5,,,,79,2,3,35.5
730,180,5,,,,3.5,2,12,40
731,180,5,,,,4,2,9,45
732,180,5,,,,16.5,2,3,50
733,180,5,,,,5,2,6,53
734,180,5,,,,11,2,11,57
735,180,5,,,,6.5,2,4,60
736,180,5,,,,15.5,2,6,63
737,180,5,,,,29,2,12,65.5
738,180,5,,,,11,2,9,71.5
739,180,5,,,,10,2,4,71.5
740,180,5,,,,4,2,3,73.5
741,180,5,,,,23.5,2,2,76
742,180,5,,,,16.5,2,6,88.5
743,180,5,,,,7,2,9,95.9
744,181,5,,,,3.5,2,6,4
745,181,5,,,,6.5,2,9,7
746,181,5,,,,17.5,2,4,13.5
747,181,5,,,,39.5,2,4,27.5
748,181,5,,,,69,2,12,31
749,181,5,,,,8.5,2,9,38
750,181,5,,,,8,2,3,41
751,181,5,,,,9.5,2,2,50
752,181,5,,,,18,2,9,56
753,181,5,,,,6.5,2,3,59
754,181,5,,,,5,2,1,65
755,181,5,,,,7.5,2,1,67
756,181,5,,,,14,2,8,67
757,181,5,,,,2.5,2,4,67.5
758,181,5,,,,7,2,2,72
759,181,5,,,,14,2,7,74
760,181,5,,,,23.5,2,4,89.5
761,181,5,,,,4.5,2,12,90
762,181,5,,,,6.5,2,3,92
763,181,5,,,,7,2,9,95
764,181,5,,,,10,2,12,98
765,181,5,,,,2,2,1,118
766,207,6,,,,30,2,9,8
767,207,6,,,,23.5,2,12,22.5
768,207,6,,,,41,2,12,26.5
769,207,6,,,,16.5,2,7,29
770,207,6,,,,15,2,7,40
771,207,6,,,,31,2,11,40.5
772,207,6,,,,5,2,3,61
773,207,6,,,,4,2,12,70
774,201,5,,,,14.5,2,6,10.5
775,201,5,,,,45,2,11,15
776,201,5,,,,39,2,1,16
777,201,5,,,,53,2,12,24
778,201,5,,,,49.5,2,3,29.5
779,201,5,,,,21.5,2,9,33
780,203,5,,,,0,2,12,0.5
781,203,5,,,,28,2,12,0.5
782,203,5,,,,3,2,9,1
783,203,5,,,,14.5,2,4,5.5
784,203,5,,,,2.5,2,10,9
785,203,5,,,,55,2,10,9.5
786,203,5,,,,23.5,2,5,14
787,203,5,,,,25.5,2,5,14.5
788,203,5,,,,34,2,12,17
789,203,5,,,,35.5,2,7,21
790,203,5,,,,4.5,2,5,25
791,203,5,,,,81,2,4,25
792,203,5,,,,3,2,10,29
793,203,5,,,,63,2,10,29
794,203,5,,,,71,2,5,30
795,203,5,,,,2.5,2,2,32.5
796,203,5,,,,55,2,2,33
797,203,5,,,,62,2,8,34
798,205,5,,,,30.5,2,5,4
799,205,5,,,,64,2,2,6
800,205,5,,,,14,2,8,9
801,205,5,,,,41.5,2,4,13
802,205,5,,,,42,2,9,14.5
803,205,5,,,,5,2,4,18.5
804,209,5,,,,4.5,2,10,0.5
805,209,5,,,,9,2,6,2
806,209,5,,,,36,2,11,4
807,209,5,,,,19,2,6,8
808,209,5,,,,61,2,2,10
809,209,5,,,,35,2,9,14
810,209,5,,,,22,2,5,16
811,209,5,,,,44.5,2,10,20
812,209,5,,,,9.5,2,6,22
813,209,5,,,,46,2,12,24
814,209,5,,,,6.5,2,8,29
815,209,5,,,,44.5,2,3,30
816,209,5,,,,64.5,2,10,32
817,209,5,,,,10.5,2,9,33
818,209,5,,,,6,2,2,33
819,209,5,,,,28,2,5,32
820,209,5,,,,34,2,4,36
821,209,5,,,,36,2,11,38
822,209,5,,,,14.5,2,4,41
823,209,5,,,,8,2,7,46
824,209,5,,,,4.5,2,10,50
825,209,5,,,,4.5,2,2,53
826,209,5,,,,9.5,2,4,55
827,209,5,,,,14.5,2,10,57
828,209,5,,,,9.5,2,9,55
829,209,5,,,,9.5,2,3,60
830,209,5,,,,5,2,10,62
831,215,5,,,,9.5,2,7,1
832,215,5,,,,8,2,3,4.5
833,215,5,,,,94,2,9,8
834,215,5,,,,71,2,4,13
835,215,5,,,,28,2,7,17.5
836,215,5,,,,8.5,2,5,20
837,217,5,,,,6.5,2,6,4
838,217,5,,,,61,2,2,7
839,217,5,,,,52.5,2,9,9.5
840,217,5,,,,64,2,4,11
841,217,5,,,,5,2,5,12
842,217,5,,,,53,2,1,14.5
843,217,5,,,,32,2,7,17
844,217,5,,,,38,2,4,20
845,217,5,,,,40.5,2,10,22
846,217,5,,,,29,2,6,24
847,217,5,,,,69.5,2,1,28
848,217,5,,,,39,2,9,30
849,217,5,,,,8,2,5,32
850,217,5,,,,57.5,2,12,35.5
851,217,5,,,,67.5,2,9,39
852,217,5,,,,63.5,2,3,39
853,217,5,,,,97,2,11,39
854,217,5,,,,80,2,8,39
855,217,5,,,,85,2,0,39
856,117,6,,,,21,2,2,64
857,117,6,,,,5.5,2,9,66.5
858,117,6,,,,18,2,3,74
859,117,6,,,,23,2,7,75
860,117,6,,,,23.5,2,12,75
861,117,6,,,,2.5,2,12,77
862,117,6,,,,4,2,6,80
863,117,6,,,,12.5,2,1,82.5
864,117,6,,,,3,2,7,94
865,117,6,,,,5,2,4,96
866,117,6,,,,6,2,10,97
867,171,4,,,,9,2,9,10
868,171,4,,,,5.5,2,3,14
869,171,4,,,,22,2,9,19
870,171,4,,,,29,2,12,30.5
871,171,4,,,,11,2,3,36
872,171,4,,,,24,2,9,38.5
873,171,4,,,,24,2,12,44
874,171,4,,,,16,2,7,46.5
875,171,4,,,,25,2,9,51
876,171,4,,,,11,2,12,56
877,171,4,,,,0,2,8,57
878,171,4,,,,9.5,2,1,59
879,171,4,,,,21,2,2,66
880,171,4,,,,3.5,2,6,73
881,171,4,,,,26,2,1,76
882,171,4,,,,20.5,2,7,79
883,171,4,,,,5.5,2,3,82
884,171,4,,,,34,2,6,88
885,171,4,,,,13,2,1,90
886,171,4,,,,28.5,2,8,92.5
887,171,4,,,,67.5,2,3,93
888,171,4,,,,84,2,9,94
889,171,4,,,,4.5,2,3,96
890,171,4,,,,19,2,11,98.5
891,171,4,,,,0,2,6,102
892,171,4,,,,4.5,2,1,105
893,171,4,,,,0,2,6,108
894,171,4,,,,16,2,3,112
895,171,4,,,,14,2,9,115.5
896,171,4,,,,0,2,1,120
897,171,4,,,,17.5,2,7,121.5
898,171,4,,,,0,2,4,124
899,171,4,,,,20.5,2,11,127
900,171,4,,,,25,2,6,128.5
901,171,4,,,,24,2,3,129
902,171,4,,,,5.5,2,1,130
903,171,4,,,,4.5,2,3,136
904,171,4,,,,2.5,2,9,139.5
905,171,4,,,,7,2,12,148
906,171,4,,,,6.5,2,1,154
907,171,4,,,,3,2,1,160
908,171,4,,,,2.5,2,1,163.5
909,221,5,,,,47,2,7,16
910,221,5,,,,0,2,12,16
911,221,5,,,,0,2,4,18.5
912,221,5,,,,16,2,12,21.5
913,221,5,,,,3.5,2,3,25
914,221,5,,,,59,2,7,30
915,221,5,,,,5,2,12,33
916,221,5,,,,3,2,3,36
917,221,5,,,,39,2,11,38
918,221,5,,,,5.5,2,1,42
919,221,5,,,,33.5,2,5,44
920,221,5,,,,71,2,12,48
921,221,5,,,,17.5,2,3,51
922,221,5,,,,36,2,8,53
923,221,5,,,,54.5,2,2,55
924,221,5,,,,59,2,6,55
925,221,5,,,,19,2,10,56
926,221,5,,,,4.5,2,2,59.5
927,221,5,,,,34,2,6,63
928,221,5,,,,46,2,1,66.5
929,221,5,,,,34.5,2,6,70
930,221,5,,,,48.5,2,11,72.5
931,221,5,,,,28,2,6,81
932,221,5,,,,13,2,9,82.5
933,221,5,,,,15,2,2,85
934,221,5,,,,35,2,6,86.5
935,221,5,,,,33.5,2,11,90
936,221,5,,,,25,2,3,93
937,221,5,,,,29,2,10,102
938,221,5,,,,25,2,2,104
939,221,5,,,,3.5,2,9,108.5
940,221,5,,,,4,2,2,111
941,221,5,,,,3.5,2,6,113.5
942,221,5,,,,3,2,11,117
943,221,5,,,,3,2,2,120
944,221,5,,,,0,2,8,122.5
945,146,5,,,,0,2,6,11.5
946,146,5,,,,0,2,1,14
947,146,5,,,,28.5,2,9,17
948,146,5,,,,0,2,5,21
949,146,5,,,,32,2,11,22.5
950,146,5,,,,0,2,7,26.5
951,146,5,,,,0,2,5,34.5
952,146,5,,,,45,2,5,36
953,146,5,,,,13.5,2,12,36
954,146,5,,,,4,2,1,36.5
955,146,5,,,,3.5,2,12,36.5
956,146,5,,,,0,2,1,41.5
957,146,5,,,,33.5,2,6,43
958,191,5,,,,0,2,11,3.5
959,191,5,,,,21.5,2,6,7
960,191,5,,,,65,2,2,11
961,191,5,,,,7.5,2,12,18
962,191,5,,,,6,2,3,23.5
963,193,5,,,,0,2,5,0
964,193,5,,,,30,2,1,11
965,193,5,,,,0,2,9,15
966,193,5,,,,0,2,5,19.5
967,193,5,,,,0,2,7,22.5
968,195,5,,,,26.5,2,10,1.5
969,195,5,,,,0,2,6,3.5
970,195,5,,,,0,2,12,6.5
971,195,5,,,,61.5,2,8,10.5
972,195,5,,,,3,2,12,10.5
973,197,5,,,,28.5,2,12,0.5
974,197,5,,,,3,2,8,4
975,197,5,,,,31.5,2,2,6.5
976,197,5,,,,10.5,2,9,10.5
977,197,5,,,,24,2,10,14.5
978,197,5,,,,40.5,2,7,18
979,197,5,,,,10,2,2,22
980,197,5,,,,45.5,2,1,26
981,197,5,,,,10,2,9,29
982,197,5,,,,5.5,2,6,31.5
983,197,5,,,,45,2,12,34.5
984,197,5,,,,6.5,2,8,36.5
985,197,5,,,,29,2,5,38.5
986,197,5,,,,72,2,6,40
987,197,5,,,,16.5,2,10,40
988,197,5,,,,4,2,6,45
989,197,5,,,,26,2,1,47
990,197,5,,,,7,2,8,50.5
991,197,5,,,,5,2,5,54
992,197,5,,,,27,2,12,57
993,197,5,,,,0,2,6,58.5
994,197,5,,,,22,2,3,62
995,197,5,,,,38.5,2,9,63.5
996,197,5,,,,42,2,6,64
997,197,5,,,,30,2,2,64
998,197,5,,,,13,2,10,65
999,197,5,,,,4.5,2,6,65.5
1000,197,5,,,,23,2,1,70
1001,197,5,,,,4,2,7,73
1002,197,5,,,,3,2,6,76
1003,197,5,,,,21,2,10,81
1004,197,5,,,,8,2,12,86.5
1005,197,5,,,,6,2,3,92
1006,197,5,,,,2.5,2,9,95
1007,197,5,,,,20,2,12,96
1008,197,5,,,,4,2,9,97
1009,197,5,,,,0,2,5,98
1010,197,5,,,,6,2,11,101
1011,197,5,,,,7.5,2,6,102.5
1012,197,5,,,,6,2,8,107
1013,197,5,,,,11.5,2,6,111
1014,197,5,,,,4,2,3,115.5
1015,197,5,,,,4,2,12,122
1016,197,5,,,,3.5,2,5,128
1017,210,3,,,,0,2,12,5.5
1018,210,3,,,,63.5,2,9,12.5
1019,189,3,,,,0,2,12,11.5
1020,189,3,,,,0,2,7,13.5
1021,189,3,,,,0,2,3,15.5
1022,189,3,,,,0,2,4,22.5
1023,189,3,,,,0,2,12,26
1024,189,3,,,,0,2,2,31
1025,189,3,,,,0,2,2,39
1026,189,3,,,,39,2,2,47
1027,189,3,,,,46,2,2,48
1028,186,3,,,,0,2,5,10
1029,186,3,,,,0,2,12,11
1030,186,3,,,,0,2,3,15.5
1031,186,3,,,,26,2,9,23
1032,186,3,,,,0,2,7,40.5
1033,186,3,,,,0,2,9,48.5
1034,186,3,,,,0,2,4,53
1035,186,3,,,,0,2,1,54
1036,186,3,,,,0,2,6,57
1037,186,3,,,,0,2,2,58
1038,186,3,,,,0,2,5,66
1039,186,3,,,,0,2,3,72.5
1040,186,3,,,,0,2,6,80.5
1041,186,3,,,,0,2,11,85
1042,238,3,,,,0,2,2,2
1043,238,3,,,,0,2,3,10
1044,238,3,,,,0,2,12,11
1045,238,3,,,,0,2,12,15
1046,238,3,,,,0,2,3,15
1047,238,3,,,,0,2,1,18
1048,238,3,,,,0,2,10,25
1049,57,3,,,,0,2,1,11
1050,57,3,,,,0,2,4,15.5
1051,57,3,,,,0,2,0,21
1052,2,3,,,,0,2,3,10.5
1053,2,3,,,,0,2,9,15
1054,228,4,,,,15,2,8,7.5
1055,228,4,,,,47,2,3,15
1056,228,4,,,,4,2,6,24
1057,228,4,,,,18.5,2,2,32
1058,228,4,,,,57,2,8,37
1059,228,4,,,,20,2,2,42
1060,228,4,,,,75,2,11,45
1061,228,4,,,,24.5,2,6,51
1062,228,4,,,,25,2,2,53.5
1063,228,4,,,,56,2,9,57
1064,228,4,,,,101,2,3,59.5
1065,228,4,,,,3.5,2,8,66
1066,228,4,,,,13,2,1,69
1067,228,4,,,,69,2,12,72
1068,232,4,,,,2,2,9,1
1069,232,4,,,,2,2,6,4
1070,232,4,,,,34,2,12,9
1071,232,4,,,,2.5,2,6,12
1072,232,4,,,,51,2,3,16
1073,232,4,,,,35,2,9,18.5
1074,232,4,,,,3.5,2,5,22
1075,232,4,,,,42,2,1,25
1076,232,4,,,,6,2,7,28
1077,232,4,,,,2.5,2,5,31.5
1078,232,4,,,,47,2,10,34
1079,232,4,,,,45.5,2,7,35.5
1080,232,4,,,,0,2,2,36
1081,232,4,,,,6,2,10,37
1082,230,4,,,,14.5,2,12,5
1083,230,4,,,,24,2,7,8.5
1084,230,4,,,,52,2,8,17
1085,230,4,,,,6.5,2,4,20
1086,230,4,,,,33,2,12,23
1087,230,4,,,,30,2,6,25
1088,230,4,,,,21.5,2,3,27
1089,230,4,,,,75,2,9,29
1090,230,4,,,,0,2,6,33
1091,230,4,,,,17,2,3,36
1092,230,4,,,,34,2,11,38
1093,230,4,,,,36,2,6,43.5
1094,230,4,,,,47,2,1,46
1095,230,4,,,,17,2,6,49
1096,230,4,,,,49.5,2,3,50.5
1097,230,4,,,,70,2,11,54
1098,230,4,,,,117,2,7,56.5
1099,230,4,,,,98,2,3,57.5
1100,260,4,,,,0,2,4,1
1101,260,4,,,,0,2,11,4.5
1102,260,4,,,,14.5,2,2,14
1103,260,4,,,,0,2,9,23
1104,260,4,,,,66,2,12,29
1105,260,4,,,,63,2,9,31
1106,262,4,,,,0,2,9,1.5
1107,262,4,,,,2.5,2,3,6
1108,262,4,,,,120,2,10,13
1109,262,4,,,,7.5,2,5,14.5
1110,262,4,,,,38,2,2,19.5
1111,262,4,,,,27.5,2,9,22
1112,262,4,,,,13.5,2,3,24.5
1113,262,4,,,,44.5,2,12,28
1114,262,4,,,,30.5,2,7,30
1115,262,4,,,,2,2,3,31
1116,5,4,,,,24,2,3,26.5
1117,5,4,,,,0,2,6,29
1118,5,4,,,,0,2,1,34
1119,5,4,,,,0,2,8,39
1120,5,4,,,,0,2,4,41.5
1121,5,4,,,,0,2,10,45
1122,5,4,,,,0,2,7,48
1123,5,4,,,,0,2,3,51
1124,5,4,,,,0,2,9,53
1125,5,4,,,,0,2,6,57
1126,5,4,,,,22,2,1,57
1127,5,4,,,,0,2,1,59
1128,5,4,,,,0,2,9,60
1129,5,4,,,,0,2,4,77
1130,5,4,,,,0,2,6,72
1131,5,4,,,,15,2,8,84
1132,5,4,,,,81.5,2,4,88
1133,5,4,,,,43,2,9,90
1134,5,4,,,,54,2,5,94
1135,5,4,,,,0,2,6,95
1136,5,4,,,,0,2,12,98
1137,5,4,,,,49.5,2,9,101
1138,5,4,,,,54.5,2,2,102
1139,5,4,,,,0,2,3,105
1140,5,4,,,,0,2,11,106
1141,5,4,,,,26,2,9,107
1142,5,4,,,,0,2,3,70
1143,5,4,,,,0,2,9,74
1144,5,4,,,,0,2,0,107
1145,3,2,,,,0,2,12,16.5
1146,3,2,,,,0,2,11,14
1147,3,2,,,,0,2,10,14
1148,3,2,,,,0,2,9,7
1149,3,2,,,,0,2,8,8.5
1150,3,2,,,,0,2,6,7.5
1151,240,3,,,,0,2,3,4
1152,240,3,,,,0,2,12,11.5
1153,240,3,,,,0,2,6,15
1154,240,3,,,,0,2,6,19
1155,240,3,,,,0,2,5,20.5
1156,240,3,,,,0,2,0,23
1157,243,3,,,,87,2,9,2
1158,243,3,,,,0,2,5,3
1159,243,3,,,,0,2,1,8
1160,243,3,,,,34.5,2,7,9
1161,243,3,,,,38.5,2,4,11.5
1162,243,3,,,,35.5,2,12,22.5
1163,243,3,,,,18,2,0,24
1164,18,3,,,,0,2,9,3
1165,18,3,,,,0,2,6,6
1166,18,3,,,,0,2,12,7.5
1167,18,3,,,,0,2,9,10
1168,18,3,,,,0,2,12,15.5
1169,73,3,,,,0,2,9,1
1170,73,3,,,,0,2,2,7
1171,73,3,,,,0,2,2,11.5
1172,73,3,,,,0,2,10,13.5
1173,147,4,,,,0,2,12,6.5
1174,147,4,,,,0,2,3,16.5
1175,147,4,,,,0,2,2,23.5
1176,147,4,,,,49,2,8,28
1177,147,4,,,,42,2,3,29
1178,147,4,,,,0,2,11,33
1179,6,3,,,,0,2,7,16
1180,6,3,,,,0,2,4,20.5
1181,6,3,,,,0,2,6,28.5
1182,6,3,,,,55,2,12,40.5
1183,6,3,,,,52,2,11,48.5
1184,6,3,,,,0,2,5,52
1185,6,3,,,,0,2,1,55
1186,6,3,,,,0,2,4,60
1187,6,3,,,,0,2,12,64
1188,6,3,,,,0,2,7,66
1189,6,3,,,,0,2,3,69.5
1190,4,3,,,,0,2,9,9
1191,4,3,,,,0,2,6,12
1192,4,3,,,,0,2,9,19
1193,241,3,,,,25.5,2,9,9.5
1194,251,4,,,,0,2,9,10.5
1195,251,4,,,,0,2,4,14
1196,251,4,,,,0,2,7,19
1197,251,4,,,,0,2,2,33
1198,251,4,,,,0,2,0,36
1199,247,5,,,,1.5,2,11,7
1200,247,5,,,,17,2,1,14
1201,247,5,,,,0,2,6,12.5
1202,247,5,,,,0,2,1,16
1203,247,5,,,,0,2,4,20
1204,247,5,,,,3.5,2,3,24
1205,247,5,,,,21,2,9,27
1206,247,5,,,,1.5,2,6,50
1207,247,5,,,,36,2,2,54
1208,247,5,,,,9,2,10,58
1209,247,5,,,,33,2,5,62
1210,247,5,,,,22.5,2,1,65
1211,247,5,,,,4.5,2,7,68.5
1212,247,5,,,,66,2,4,71.5
1213,247,5,,,,107,2,6,75
1214,247,5,,,,55,2,11,74
1215,247,5,,,,133,2,0,77
1216,253,5,,,,26.5,2,4,12.5
1217,253,5,,,,0,2,11,24
1218,255,5,,,,98,2,4,7
1219,255,5,,,,2,2,10,6
1220,255,5,,,,22,2,3,20
1221,255,5,,,,6,2,8,19
1222,255,5,,,,28,2,1,24
1223,255,5,,,,48.5,2,7,28
1224,255,5,,,,52,2,11,34
1225,255,5,,,,1,2,3,31
1226,255,5,,,,15.5,2,1,38
1227,257,5,,,,3.5,2,1,3
1228,257,5,,,,4,2,2,8
1229,257,5,,,,43,2,7,6
1230,257,5,,,,15,2,12,17
1231,257,5,,,,65,2,6,20
1232,257,5,,,,51,2,9,25
1233,257,5,,,,52,2,2,23
1234,257,5,,,,13,2,4,29
1235,257,5,,,,102,2,12,31
1236,257,5,,,,3,2,12,30
1237,259,5,,,,11,2,3,1
1238,259,5,,,,127,2,12,4
1239,259,5,,,,2,2,12,5.5
1240,259,5,,,,94,2,10,11
1241,259,5,,,,0,2,1,21
1242,259,5,,,,19,2,3,30
1243,259,5,,,,27.5,2,11,31
1244,259,5,,,,29,2,1,31.5
1245,259,5,,,,56,2,7,32
1246,259,5,,,,0,2,3,34
1247,259,5,,,,53,2,9,36.5
1248,259,5,,,,2,2,2,44.5
1249,259,5,,,,2,2,12,45
1250,259,5,,,,3,2,4,46
1251,259,5,,,,4,2,1,48
1252,259,5,,,,11,2,7,50.5
1253,259,5,,,,5,2,4,53
1254,259,5,,,,20,2,11,56.5
1255,259,5,,,,17,2,7,58
1256,259,5,,,,2,2,3,62
1257,259,5,,,,3,2,10,63.5
1258,259,5,,,,3.5,2,3,66
1259,259,5,,,,1.5,2,1,68
1260,259,5,,,,2,2,8,70.5
1261,259,5,,,,1.5,2,4,72
1262,259,5,,,,2.5,2,12,72
1263,259,5,,,,1,2,6,74
1264,259,5,,,,1,2,7,76
1265,259,5,,,,2,2,1,78.5
1266,259,5,,,,1,2,9,81
1267,259,5,,,,1.5,2,2,83
1268,223,4,,,,75,2,2,0.5
1269,223,4,,,,115,2,11,3
1270,223,4,,,,57,2,6,17.5
1271,223,4,,,,26,2,10,22.5
1272,223,4,,,,81,2,8,27.5
1273,223,4,,,,28,2,1,32.5
1274,223,4,,,,143,2,11,39.5
1275,223,4,,,,0,2,9,13
1276,223,4,,,,85,2,6,34.5
1277,225,5,,,,137,2,9,18
1278,225,5,,,,0,2,9,10
1279,218,4,,,,97,2,4,2
1280,218,4,,,,71,2,7,7
1281,218,4,,,,13,2,6,13
1282,218,4,,,,115,2,9,15
1283,218,4,,,,20.5,2,3,17.5
1284,218,4,,,,1,2,12,24
1285,218,4,,,,0,2,12,11.5
1286,218,4,,,,11,2,7,22
1287,220,4,,,,10.5,2,4,2
1288,220,4,,,,32,2,7,3
1289,220,4,,,,22,2,7,4
1290,220,4,,,,37,2,3,10
1291,220,4,,,,23,2,7,12
1292,220,4,,,,60,2,1,15
1293,220,4,,,,93,2,10,27
1294,220,4,,,,96,2,3,27
1295,220,4,,,,91,2,10,29
1296,220,4,,,,79,2,3,29
1297,220,4,,,,102,2,2,36
1298,220,4,,,,3,2,6,31
1299,220,4,,,,20,2,7,38
1300,222,4,,,,32,2,9,11
1301,222,4,,,,30,2,9,14
1302,222,4,,,,85,2,3,15
1303,222,4,,,,1,2,9,16
1304,222,4,,,,1.5,2,2,16.5
1305,222,4,,,,75,2,2,19
1306,222,4,,,,24,2,6,24
1307,222,4,,,,65,2,10,27
1308,222,4,,,,56,2,1,37
1309,222,4,,,,39,2,1,41
1310,222,4,,,,67,2,11,54
1311,222,4,,,,41,2,7,53
1312,222,4,,,,2,2,11,53.5
1313,222,4,,,,7,2,11,54.5
1314,222,4,,,,1,2,2,54.5
1315,222,4,,,,90,2,0,56
1316,249,6,,,,36.5,2,3,7
1317,249,6,,,,0,2,2,15.5
1318,249,6,,,,32,2,7,21
1319,249,6,,,,21.5,2,1,22.5
1320,249,6,,,,0,2,8,22.5
1321,249,6,,,,0,2,6,24
1322,249,6,,,,4.5,2,1,26
1323,249,6,,,,0,2,8,30
1324,249,6,,,,58,2,4,33.5
1325,249,6,,,,0,2,12,37
1326,249,6,,,,0,2,9,42
1327,249,6,,,,48.5,2,3,46
1328,249,6,,,,46,2,6,52
1329,249,6,,,,0,2,9,56
1330,249,6,,,,65,2,3,58
1331,249,6,,,,0,2,12,59
1332,249,6,,,,0,2,7,61.5
1333,249,6,,,,5,2,1,62
1334,249,6,,,,0,2,9,62
1335,249,6,,,,0,2,12,63
1336,249,6,,,,0,2,9,66.5
1337,249,6,,,,0,2,5,69
1338,249,6,,,,8.5,2,12,73
1339,249,6,,,,0,2,8,75.5
1340,249,6,,,,14.5,2,3,77
1341,249,6,,,,18,2,10,80.5
1342,252,5,,,,0,2,8,33
1343,252,5,,,,0,2,12,36
1344,252,5,,,,14,2,5,40
1345,252,5,,,,0,2,9,42.5
1346,252,5,,,,2,2,1,45
1347,252,5,,,,15.5,2,7,48
1348,252,5,,,,0,2,1,50.5
1349,252,5,,,,76,2,6,54
1350,252,5,,,,24,2,3,58
1351,252,5,,,,120,2,9,58
1352,252,5,,,,100,2,1,63
1353,252,5,,,,0,2,5,67
1354,252,5,,,,7.5,2,9,70
1355,252,5,,,,10,2,3,73
1356,252,5,,,,19.5,2,8,77
1357,252,5,,,,30,2,12,79
1358,252,5,,,,28,2,5,84
1359,252,5,,,,17,2,9,88
1360,252,5,,,,17,2,3,92
1361,252,5,,,,20,2,7,94
1362,252,5,,,,24.5,2,12,95
1363,252,5,,,,40.5,2,4,99
1364,252,5,,,,89.5,2,9,99
1365,252,5,,,,81,2,0,100
1366,252,5,,,,2,2,1,55
1367,231,5,,,,0,2,6,4
1368,231,5,,,,0,2,3,7
1369,231,5,,,,59,2,9,11.5
1370,231,5,,,,0,2,4,15
1371,231,5,,,,114,2,12,19
1372,231,5,,,,37,2,6,21
1373,231,5,,,,16.5,2,3,24
1374,231,5,,,,22.5,2,2,31
1375,231,5,,,,4,2,3,33
1376,231,5,,,,84,2,9,33
1377,231,5,,,,82,2,0,34
1378,245,4,,,,0,2,7,0
1379,245,4,,,,7,2,3,4
1380,245,4,,,,42,2,9,8
1381,245,4,,,,0,2,4,13
1382,245,4,,,,41,2,11,14.5
1383,245,4,,,,0,2,3,20
1384,245,4,,,,12,2,12,18.5
1385,245,4,,,,20.5,2,12,20
1386,248,5,,,,0,2,6,5.5
1387,248,5,,,,20,2,12,8
1388,248,5,,,,0,2,9,12
1389,242,4,,,,0,2,12,7
1390,242,4,,,,0,2,7,11
1391,242,4,,,,3.5,2,12,21
1392,242,4,,,,99.5,2,3,24
1393,242,4,,,,76,2,8,23.5
1394,242,4,,,,0,2,12,23.5
1395,242,4,,,,0,2,9,23.5
1396,242,4,,,,0,2,3,25
1397,242,4,,,,28,2,9,29
1398,242,4,,,,23.5,2,6,33
1399,242,4,,,,72.5,2,12,39
1400,242,4,,,,60,2,3,53
1401,242,4,,,,65.5,2,1,57
1402,242,4,,,,80.5,2,6,57
1403,242,4,,,,102,2,0,57.5
1404,244,4,,,,6,2,7,3.5
1405,244,4,,,,57.5,2,3,9
1406,244,4,,,,51,2,4,20.5
1407,244,4,,,,69,2,12,35.5
1408,244,4,,,,0,2,3,35.5
1409,244,4,,,,0,2,6,35.5
1410,244,4,,,,0,2,9,35.5
1411,244,4,,,,0,2,3,38
1412,244,4,,,,78,2,10,42
1413,244,4,,,,84,2,0,42
1414,263,5,,,,0,2,2,2
1415,263,5,,,,0,2,8,6
1416,263,5,,,,0,2,3,10
1417,263,5,,,,16.5,2,10,15
1418,263,5,,,,30,2,12,28
1419,263,5,,,,5.5,2,3,33
1420,263,5,,,,85,2,10,34
1421,263,5,,,,0,2,6,34
1422,263,5,,,,56,2,11,37
1423,263,5,,,,0,2,6,40
1424,263,5,,,,56,2,1,44
1425,263,5,,,,53,2,9,47
1426,263,5,,,,94,2,3,50
1427,263,5,,,,70,2,11,53
1428,263,5,,,,44,2,12,62
1429,263,5,,,,42,2,4,61.5
1430,263,5,,,,19,2,9,62.5
1431,263,5,,,,55,2,4,63
1432,263,5,,,,34,2,6,68
1433,263,5,,,,44,2,2,85
1434,263,5,,,,66,2,5,85.5
1435,263,5,,,,14,2,9,84.5
1436,263,5,,,,23.5,2,12,90.5
1437,263,5,,,,10.5,2,6,94
1438,263,5,,,,16,2,7,107.5
1439,263,5,,,,50,2,12,107.5
1440,263,5,,,,65.5,2,0,108
1441,246,5,,,,23.5,2,9,1
1442,246,5,,,,77.5,2,4,6
1443,246,5,,,,75,2,11,9
1444,246,5,,,,26,2,6,15
1445,246,5,,,,63,2,1,28
1446,246,5,,,,0,2,10,29
1447,246,5,,,,0,2,6,29
1448,246,5,,,,40,2,12,34
1449,246,5,,,,31,2,7,37
1450,246,5,,,,30.5,2,3,41
1451,246,5,,,,61,2,9,45
1452,246,5,,,,46,2,4,48
1453,246,5,,,,51.5,2,12,51
1454,246,5,,,,65,2,3,63
1455,246,5,,,,73,2,0,63.5
1456,219,5,,,,0,2,4,7
1457,219,5,,,,0,2,8,7
1458,219,5,,,,0,2,2,9.5
1459,219,5,,,,65,2,7,13
1460,219,5,,,,26,2,11,16
1461,219,5,,,,0,2,1,21
1462,219,5,,,,103,2,6,25
1463,219,5,,,,0,2,12,27
1464,219,5,,,,39,2,4,30.5
1465,219,5,,,,27,2,11,34
1466,219,5,,,,33,2,4,41
1467,219,5,,,,21.5,2,2,42
1468,219,5,,,,53,2,11,42.5
1469,219,5,,,,7.5,2,4,43
1470,219,5,,,,3,2,11,44.5
1471,219,5,,,,26,2,3,48
1472,219,5,,,,27,2,9,51.5
1473,219,5,,,,5,2,2,55
1474,219,5,,,,46,2,6,60
1475,219,5,,,,16,2,12,63
1476,219,5,,,,9.5,2,3,66
1477,219,5,,,,0,2,10,68.5
1478,219,5,,,,19,2,2,72
1479,219,5,,,,29,2,9,75
1480,219,5,,,,0,2,12,78
1481,219,5,,,,22,2,3,80
1482,219,5,,,,23,2,9,80
1483,219,5,,,,23,2,6,82
1484,219,5,,,,20,2,0,82
1485,229,5,,,,0,2,4,6
1486,229,5,,,,3,2,12,9
1487,229,5,,,,0,2,7,13
1488,229,5,,,,17.5,2,4,17
1489,229,5,,,,0,2,10,19
1490,229,5,,,,34,2,9,26
1491,229,5,,,,48,2,1,29
1492,229,5,,,,5,2,12,32
1493,229,5,,,,15.5,2,7,34.5
1494,229,5,,,,38,2,5,43
1495,229,5,,,,57,2,10,52.5
1496,229,5,,,,78,2,2,54
1497,229,5,,,,61,2,6,53.5
1498,229,5,,,,0,2,8,55
1499,229,5,,,,0,2,4,60
1500,229,5,,,,3,2,10,63
1501,229,5,,,,4,2,5,67
1502,229,5,,,,4.5,2,7,74
1503,229,5,,,,11,2,4,77
1504,229,5,,,,17,2,10,80
1505,229,5,,,,10.5,2,7,83
1506,229,5,,,,43,2,2,86
1507,229,5,,,,18,2,4,91
1508,229,5,,,,32,2,6,94
1509,229,5,,,,10.5,2,0,95
1510,229,5,,,,38,2,12,71
1511,229,5,,,,38.5,2,,
1512,254,6,,,,0,2,7,8
1513,254,6,,,,0,2,4,12
1514,254,6,,,,0,2,8,26
1515,254,6,,,,31,2,5,30
1516,254,6,,,,46,2,11,32
1517,254,6,,,,54,2,7,33
1518,254,6,,,,2,2,3,34
1519,254,6,,,,13,2,9,37
1520,254,6,,,,5,2,5,39.5
1521,254,6,,,,49,2,12,44
1522,254,6,,,,22,2,6,48.5
1523,254,6,,,,0,2,3,52.5
1524,254,6,,,,0,2,12,53
1525,254,6,,,,27,2,9,55
1526,254,6,,,,14.5,2,12,62
1527,254,6,,,,20,2,2,67
1528,254,6,,,,32,2,4,69
1529,254,6,,,,16,2,9,69
1530,254,6,,,,3.5,2,2,70
1531,254,6,,,,3,2,10,71
1532,254,6,,,,5,2,4,73
1533,254,6,,,,43,2,12,78
1534,254,6,,,,21.5,2,0,78
1535,258,6,,,,2.5,2,6,3.5
1536,258,6,,,,26,2,4,7
1537,258,6,,,,96,2,10,21.5
1538,258,6,,,,26,2,5,25
1539,258,6,,,,36,2,8,27
1540,258,6,,,,23,2,1,29
1541,258,6,,,,43.5,2,9,32
1542,258,6,,,,45,2,3,35
1543,258,6,,,,16.5,2,10,45
1544,258,6,,,,40,2,5,45
1545,258,6,,,,33,2,6,45
1546,256,6,,,,5,2,3,5
1547,256,6,,,,84,2,4,14
1548,256,6,,,,15,2,9,28
1549,256,6,,,,79,2,3,34
1550,256,6,,,,69,2,12,35
1551,256,6,,,,4,2,9,35
1552,256,6,,,,87,2,3,40
1553,256,6,,,,31,2,9,41
1554,256,6,,,,45,2,6,45
1555,256,6,,,,66,2,11,47
1556,256,6,,,,34.5,2,0,47
1557,250,6,,,,3,2,6,5
1558,250,6,,,,0,2,2,8
1559,250,6,,,,15.5,2,9,14
1560,250,6,,,,0,2,12,24
1561,250,6,,,,0,2,7,27.5
1562,250,6,,,,4,2,3,32
1563,250,6,,,,18.5,2,10,35
1564,250,6,,,,0,2,1,43
1565,250,6,,,,0,2,9,46
1566,250,6,,,,68,2,6,50
1567,250,6,,,,63,2,12,52.5
1568,250,6,,,,3,2,8,54
1569,250,6,,,,14,2,2,54.5
1570,250,6,,,,64,2,11,54
1571,250,6,,,,95,2,0,55
1572,250,6,,,,0,2,6,5
1573,227,5,,,,52.5,2,6,3
1574,227,5,,,,0,2,12,6
1575,227,5,,,,6,2,4,10
1576,227,5,,,,63.5,2,9,14
1577,227,5,,,,0,2,2,18
1578,227,5,,,,1,2,6,23
1579,227,5,,,,3,2,12,27
1580,227,5,,,,38,2,4,30
1581,227,5,,,,22.5,2,9,31
1582,227,5,,,,68,2,2,34
1583,227,5,,,,115.5,2,11,36.5
1584,227,5,,,,105,2,3,37
1585,227,5,,,,56,2,6,35
1586,227,5,,,,68,2,8,36
1587,227,5,,,,131,2,0,37
1588,224,5,,,,30,2,8,9.5
1589,224,5,,,,1,2,1,14
1590,224,5,,,,35,2,5,21
1591,224,5,,,,0,2,9,26
1592,224,5,,,,14,2,3,30.5
1593,224,5,,,,42,2,8,36
1594,224,5,,,,2,2,2,38
1595,224,5,,,,32,2,6,44.5
1596,224,5,,,,29,2,11,49
1597,224,5,,,,68,2,4,55
1598,224,5,,,,52,2,8,56
1599,224,5,,,,36.5,2,1,59
1600,224,5,,,,68,2,5,62.5
1601,224,5,,,,121,2,10,66
1602,224,5,,,,128,2,12,67
1603,224,5,,,,128,2,3,67
1604,224,5,,,,84,2,7,67
1605,224,5,,,,121,2,0,67.5
1606,226,6,,,,8,2,4,7
1607,226,6,,,,0,2,7,17
1608,226,6,,,,1,2,12,19
1609,226,6,,,,24,2,5,24
1610,226,6,,,,45,2,10,27
1611,226,6,,,,75.5,2,3,30
1612,226,6,,,,89,2,8,33
1613,226,6,,,,64.5,2,12,34
1614,226,6,,,,1,2,4,36
1615,226,6,,,,1,2,9,44
1616,226,6,,,,1,2,1,48
1617,226,6,,,,2,2,10,53
1618,226,6,,,,3,2,4,57
1619,226,6,,,,1,2,8,61
1620,226,6,,,,1,2,1,65
1621,226,6,,,,2,2,5,68
1622,226,6,,,,2.5,2,11,71
1623,226,6,,,,5,2,5,74
1624,226,6,,,,25,2,9,77.5
1625,226,6,,,,53,2,2,80
1626,226,6,,,,48,2,7,80
1627,226,6,,,,79,2,3,81.5
1628,226,6,,,,67.5,2,12,81
1629,226,6,,,,50,2,0,82.5
1630,226,6,,,,0,2,9,40
1631,264,4,,,,66,2,3,3
1632,264,4,,,,22,2,9,4
1633,264,4,,,,14,2,4,7
1634,264,4,,,,13,2,6,13
1635,264,4,,,,25,2,3,17
1636,264,4,,,,24,2,12,24
1637,264,4,,,,33.5,2,9,28
1638,264,4,,,,68,2,12,32
1639,264,4,,,,57,2,5,32
1640,264,4,,,,93,2,8,33
1641,264,4,,,,1.5,2,8,36
1642,264,4,,,,6.5,2,2,39
1643,264,4,,,,17,2,8,42
1644,264,4,,,,27,2,4,45
1645,264,4,,,,61,2,9,49
1646,264,4,,,,20,2,1,55.5
1647,264,4,,,,51,2,9,58
1648,264,4,,,,57,2,5,61
1649,264,4,,,,26,2,12,64
1650,264,4,,,,50.5,2,12,
1651,264,4,,,,41,2,8,67
1652,264,4,,,,4,2,4,68
1653,264,4,,,,62.5,2,12,71
1654,264,4,,,,34,2,7,73
1655,264,4,,,,48.5,2,2,74
1656,264,4,,,,18,2,7,74.5
1657,264,4,,,,4,2,2,75
1658,264,4,,,,8,2,3,76
1659,264,4,,,,44,2,8,79
1660,264,4,,,,61,2,4,83
1661,264,4,,,,68,2,1,86
1662,264,4,,,,11,2,7,88
1663,264,4,,,,50,2,2,91
1664,264,4,,,,23,2,5,95
1665,264,4,,,,33,2,11,98
1666,264,4,,,,28.5,2,7,99
1667,264,4,,,,50,2,2,101
1668,264,4,,,,29,2,10,101
1669,264,4,,,,26,2,0,102
1670,261,5,,,,0,2,9,2
1671,261,5,,,,23,2,4,7
1672,261,5,,,,75,2,12,11
1673,261,5,,,,42.5,2,10,27
1674,261,5,,,,4,2,1,39
1675,261,5,,,,5.5,2,9,40
1676,261,5,,,,20.5,2,3,42.5
1677,261,5,,,,6.5,2,9,46
1678,261,5,,,,7,2,6,49
1679,261,5,,,,31,2,12,54
1680,261,5,,,,4.5,2,7,57
1681,261,5,,,,7.5,2,4,60
1682,261,5,,,,22,2,10,62.5
1683,261,5,,,,13.5,2,6,66
1684,261,5,,,,23.5,2,2,68.5
1685,261,5,,,,0,2,8,71
1686,261,5,,,,20,2,6,78
1687,261,5,,,,27,2,1,78.5
1688,261,5,,,,3.5,2,6,80
1689,261,5,,,,6,2,12,82.5
1690,261,5,,,,11.5,2,7,85.5
1691,261,5,,,,5.5,2,5,88.5
1692,261,5,,,,4,2,6,93.5
1693,261,5,,,,3,2,6,101
1694,261,5,,,,4.5,2,1,103.5
1695,261,5,,,,5,2,9,105
1696,239,4,,,,9.5,2,8,4.5
1697,239,4,,,,34,2,3,9.5
1698,239,4,,,,18,2,9,13.5
1699,239,4,,,,29,2,4,17.5
1700,239,4,,,,60,2,12,20
1701,239,4,,,,0,2,10,26.5
1702,239,4,,,,58.5,2,6,29
1703,239,4,,,,0,2,3,34.5
1704,239,4,,,,0,2,9,37
1705,239,4,,,,0,2,3,41.5
1706,239,4,,,,0,2,4,47
1707,239,4,,,,1.5,2,8,57.5
1708,239,4,,,,0,2,5,58
1709,239,4,,,,11,2,10,59
1710,239,4,,,,2,2,6,61
1711,239,4,,,,44,2,1,63.5
1712,239,4,,,,36,2,0,64
1713,235,6,,,,53,2,6,5.5
1714,235,6,,,,0,2,11,9
1715,235,6,,,,0,2,9,16.5
1716,235,6,,,,13.5,2,2,17.5
1717,235,6,,,,0,2,9,19.5
1718,235,6,,,,28.5,2,6,24
1719,235,6,,,,38,2,9,27.5
1720,235,6,,,,38.5,2,6,31.5
1721,235,6,,,,2,2,3,46.5
1722,235,6,,,,2.5,2,10,47
1723,235,6,,,,0,2,6,47
1724,235,6,,,,28.5,2,6,59.5
1725,235,6,,,,25.5,2,12,59.5
1726,235,6,,,,29,2,6,62
1727,235,6,,,,19.5,2,12,65.5
1728,235,6,,,,2.5,2,9,68
1729,235,6,,,,23.5,2,5,71.5
1730,235,6,,,,0,2,11,76
1731,235,6,,,,6,2,12,87.5
1732,234,4,,,,15.5,2,12,3.5
1733,234,4,,,,40.5,2,6,7.5
1734,234,4,,,,12.5,2,2,10.5
1735,234,4,,,,77.5,2,9,13.5
1736,234,4,,,,15,2,4,17.5
1737,234,4,,,,32,2,12,20.5
1738,234,4,,,,2.5,2,3,23
1739,234,4,,,,11,2,10,25.5
1740,234,4,,,,33.5,2,5,28
1741,234,4,,,,3.5,2,1,30
1742,234,4,,,,20,2,9,30.5
1743,234,4,,,,60,2,6,30.5
1744,234,4,,,,2,2,2,32
1745,234,4,,,,9.5,2,3,36.5
1746,237,5,,,,0,2,2,4.5
1747,237,5,,,,5,2,9,7.5
1748,237,5,,,,0,2,4,12.5
1749,237,5,,,,33.5,2,1,26.5
1750,237,5,,,,0,2,2,27.5
1751,236,5,,,,0,2,8,0.5
1752,236,5,,,,8,2,3,3.5
1753,236,5,,,,0,2,10,8
1754,236,5,,,,0,2,5,11
1755,236,5,,,,92,2,1,15.5
1756,236,5,,,,8,2,7,18.5
1757,236,5,,,,2,2,3,21
1758,236,5,,,,43,2,11,24
1759,236,5,,,,2,2,3,28.5
1760,236,5,,,,3,2,9,31
1761,236,5,,,,0,2,6,33.5
1762,236,5,,,,0,2,3,36
1763,236,5,,,,32.5,2,10,36
1764,236,5,,,,0,2,4,41
1765,236,5,,,,2,2,9,44.5
1766,236,5,,,,5.5,2,6,48
1767,236,5,,,,18.5,2,12,50.5
1768,236,5,,,,13.5,2,9,57
1769,236,5,,,,18.5,2,6,58
1770,236,5,,,,37,2,1,58.5
1771,236,5,,,,52,2,0,59
1772,233,5,,,,39,2,6,4
1773,233,5,,,,29.5,2,12,7
1774,233,5,,,,22,2,6,11
1775,233,5,,,,68.5,2,2,13.5
1776,233,5,,,,65.5,2,9,16.5
1777,233,5,,,,78,2,7,29
1778,233,5,,,,75.5,2,0,29.5
1779,36,5,,,,7.5,2,6,0
1780,36,5,,,,0,2,12,2
1781,36,5,,,,0,2,6,5.5
1782,36,5,,,,1.5,2,2,25.5
1783,36,5,,,,32.5,2,4,26
1784,36,5,,,,4.5,2,8,26
1785,36,5,,,,0,2,12,27
1786,36,5,,,,10,2,1,30
1787,36,5,,,,5.5,2,7,32.5
1788,36,5,,,,12,2,1,37
1789,36,5,,,,0,2,7,40
1790,36,5,,,,13,2,3,44
1791,36,5,,,,38,2,12,46.5
1792,36,5,,,,28.5,2,0,46.5
1793,59,5,,,,10,2,3,1
1794,59,5,,,,1,2,9,5
1795,59,5,,,,13.5,2,11,10
1796,59,5,,,,24,2,5,15
1797,59,5,,,,21,2,0,15.5
1798,41,5,,,,0,2,12,2
1799,41,5,,,,1,2,4,7
1800,41,5,,,,26,2,12,13
1801,41,5,,,,0,2,6,17.5
1802,41,5,,,,16.5,2,7,27
1803,41,5,,,,21.5,2,4,32
1804,41,5,,,,38,2,11,33.5
1805,41,5,,,,9,2,6,43
1806,41,5,,,,34,2,10,97
1807,41,5,,,,20.5,2,0,97
1808,69,5,,,,7,2,10,0.5
1809,69,5,,,,3.5,2,6,2.5
1810,69,5,,,,6.5,2,6,7
1811,69,5,,,,8,2,1,10.5
1812,69,5,,,,7,2,3,14.5
1813,69,5,,,,21.5,2,7,19.5
1814,69,5,,,,3.5,2,2,22.5
1815,69,5,,,,7.5,2,4,25.5
1816,69,5,,,,4,2,3,29
1817,69,5,,,,1,2,5,29.5
1818,69,5,,,,25,2,1,31
1819,69,5,,,,25,2,0,31
1820,45,5,,,,11,2,1,4.5
1821,45,5,,,,18.5,2,12,27
1822,45,5,,,,26,2,0,27
1823,48,5,,,,3.5,2,3,0.5
1824,48,5,,,,3.5,2,12,2
1825,48,5,,,,1.5,2,6,6
1826,48,5,,,,18.5,2,11,10
1827,48,5,,,,33,2,3,14.5
1828,48,5,,,,29.5,2,0,14.5
1829,34,5,,,,5,2,3,4.5
1830,34,5,,,,0,2,12,6
1831,34,5,,,,2,2,8,9
1832,34,5,,,,21,2,2,14
1833,34,5,,,,38.5,2,0,14
1834,28,5,,,,,,9,5
1835,28,5,,,,31,,6,23.5
1836,28,5,,,,24,,12,25
1837,28,5,,,,32.5,,9,25
1838,28,5,,,,50,,12,34
1839,28,5,,,,2,,0,34
1840,38,5,,,,4,,12,3
1841,38,5,,,,19.5,,7,4
1842,38,5,,,,0,,2,9
1843,38,5,,,,40,,8,12
1844,38,5,,,,20,,1,16.5
1845,38,5,,,,0,,3,21
1846,38,5,,,,20,,1,22
1847,38,5,,,,2,,10,22
1848,38,5,,,,25,,1,37
1849,38,5,,,,17,,0,37
1850,72,5,,,,30,,3,5.5
1851,72,5,,,,23,,9,5.5
1852,61,5,,,,3,,12,0.5
1853,61,5,,,,5,,5,3.5
1854,61,5,,,,20,,9,8
1855,61,5,,,,55,,0,13
1856,62,6,,,,16,,12,2.5
1857,62,6,,,,28,,6,7
1858,62,6,,,,30,,0,7
1859,29,6,,,,1,,6,2
1860,29,6,,,,34,,1,6.5
1861,29,6,,,,7.5,,9,12
1862,29,6,,,,17.5,,2,17
1863,29,6,,,,32,,0,17
1864,52,5,,,,22.5,,7,2
1865,52,5,,,,18.5,,10,6
1866,52,5,,,,8.5,,3,9
1867,52,5,,,,60,,0,9
1868,54,5,,,,30,,9,6
1869,54,5,,,,1.5,,1,24
1870,54,5,,,,7,,6,27
1871,54,5,,,,3,,3,45
1872,54,5,,,,33,,0,45
1873,54,5,,,,1.5,,4,2
1874,50,5,,,,2,,3,0.5
1875,50,5,,,,17,,7,3.5
1876,50,5,,,,3,,2,7.5
1877,50,5,,,,2,,3,12
1878,50,5,,,,15.5,,9,24
1879,50,5,,,,29,,0,24
1880,31,5,,,,17,,3,0.5
1881,31,5,,,,0,,2,1
1882,31,5,,,,48,,10,7
1883,31,5,,,,3,,4,0
1884,31,5,,,,35,,2,16.5
1885,31,5,,,,18.5,,8,21
1886,31,5,,,,28,,0,21
1887,31,5,,,,1.5,,8,2
1888,88,5,,,,1,,12,2
1889,88,5,,,,4.5,,8,4
1890,88,5,,,,29.5,,1,10.5
1891,88,5,,,,42,,0,10.5
1892,23,6,,,,3,,4,20.5
1893,23,6,,,,13,,11,21.5
1894,23,6,,,,1.5,,12,28
1895,23,6,,,,10,,3,32
1896,23,6,,,,11,,9,34
1897,23,6,,,,2,,1,38
1898,23,6,,,,9,,11,46
1899,23,6,,,,3,,9,49
1900,23,6,,,,22.5,,9,67
1901,23,6,,,,19,,0,67
1902,35,4,,,,21.5,,9,4
1903,35,4,,,,2,,3,7
1904,35,4,,,,22,,7,9
1905,35,4,,,,39.5,,2,12
1906,35,4,,,,0,,6,14
1907,35,4,,,,11,,2,19
1908,35,4,,,,1,,5,20.5
1909,20,5,,,,0,,7,12
1910,20,5,,,,14,,2,16
1911,20,5,,,,0,,8,18
1912,20,5,,,,4,,5,21
1913,20,5,,,,17,,11,24
1914,20,5,,,,32,,7,28
1915,24,6,,,,4,,6,0.5
1916,24,6,,,,9,,1,1
1917,24,6,,,,3.5,,9,2
1918,24,6,,,,4,,3,3
1919,24,6,,,,3,,1,7
1920,24,6,,,,19.5,,6,12
1921,24,6,,,,23,,0,12
1922,64,5,,,,10,,3,0.5
1923,64,5,,,,41,,8,4
1924,64,5,,,,25,,11,34
1925,64,5,,,,13.5,,1,35.5
1926,64,5,,,,13,,7,37
1927,64,5,,,,17,,9,40
1928,64,5,,,,19,,3,43.5
1929,64,5,,,,16.5,,0,43.5
1930,67,5,,,,3,,12,0.5
1931,67,5,,,,3,,4,1
1932,67,5,,,,32.5,,2,3.5
1933,67,5,,,,14.5,,9,7
1934,67,5,,,,3,,3,16.5
1935,67,5,,,,3,,12,18
1936,67,5,,,,17.5,,0,18
1937,32,5,,,,2.5,,6,3
1938,32,5,,,,3.5,,3,4.5
1939,32,5,,,,4.5,,9,15
1940,32,5,,,,3,,12,13
1941,32,5,,,,13.5,,6,15
1942,32,5,,,,4,,1,29
1943,32,5,,,,14,,0,29
1944,40,4,,,,43,,7,10
1945,40,4,,,,0,,11,14
1946,40,4,,,,9,,6,18
1947,40,4,,,,4,,4,29.5
1948,40,4,,,,2,,12,34
1949,40,4,,,,1.5,,5,34
1950,40,4,,,,0,,6,35
1951,40,4,,,,12,,6,41
1952,40,4,,,,0,,9,33
1953,64,5,,,,4.5,,11,44
1954,64,5,,,,2,,9,48
1955,64,5,,,,3,,12,51
1956,64,5,,,,9,,10,55
1957,64,5,,,,6,,12,65.5
1958,64,5,,,,11,,0,66
1959,15,5,,,,15,,6,3
1960,15,5,,,,10.5,,9,11
1961,15,5,,,,43,,5,14
1962,15,5,,,,0,,0,21.5
1963,102,5,,,,28,,3,9
1964,102,5,,,,0,,9,11
1965,104,5,,,,0,,3,1
1966,104,5,,,,27,,9,2
1967,104,5,,,,1,,3,3.5
1968,104,5,,,,26,,12,7
1969,104,5,,,,12.5,,4,11
1970,127,5,,,,0,,6,1
1971,127,5,,,,29,,1,1.5
1972,127,5,,,,0,,12,3
1973,127,5,,,,0,,3,4
1974,129,5,,,,17.5,,3,3
1975,139,5,,,,0,,6,2
1976,139,5,,,,46,,2,6
1977,139,5,,,,36.5,,2,14
1978,139,5,,,,5,,9,16
1979,139,5,,,,56,,5,20
1980,106,5,,,,23,,6,4
1981,106,5,,,,0,,6,18
1982,106,5,,,,0,,3,21
1983,106,5,,,,51,,10,21
1984,106,5,,,,26,,10,21.5
1985,106,5,,,,9.5,,1,21.5
1986,106,5,,,,18,,7,21.5
1987,106,5,,,,14,,3,25
1988,43,4,,,,3.5,,9,1
1989,43,4,,,,11,,3,7.5
1990,43,4,,,,0,,6,12
1991,43,4,,,,0,,12,17
1992,43,4,,,,0,,5,26
1993,46,4,,,,3.5,,3,2.5
1994,46,4,,,,1.5,,9,5
1995,47,4,,,,38,,9,4
1996,47,4,,,,21,,3,6.5
1997,47,4,,,,5,,6,6.5
1998,47,4,,,,0,,9,8
1999,47,4,,,,0,,3,10
2000,47,4,,,,8,,8,13.5
2001,49,4,,,,29,,6,3.5
2002,51,4,,,,23,,5,3
2003,53,4,,,,0,,2,3
2004,55,4,,,,0,,5,6
2005,94,7,,,,71,,3,6
2006,94,7,,,,25,,1,42
2007,94,7,,,,18.5,,3,42
2008,94,7,,,,18.5,,5,42
2009,94,7,,,,44,,10,42
2010,76,6,,,,39,,12,1
2011,76,6,,,,12,,3,22
2012,76,6,,,,63,,10,26
2013,76,6,,,,22,,1,29.5
2014,76,6,,,,7.5,,0,29.5
2015,265,7,,,,4,,8,0.5
2016,265,7,,,,24,,11,6
2017,265,7,,,,16.5,,5,9
2018,265,7,,,,25,,12,13
2019,265,7,,,,12,,7,16
2020,97,6,,,,3.5,,6,4.5
2021,97,6,,,,57,,12,8
2022,97,6,,,,46,,7,12.5
2023,100,6,,,,63,,5,1.5
2024,100,6,,,,81,,5,11
2025,100,6,,,,16.5,,2,12
2026,100,6,,,,2.5,,8,13.5
2027,100,6,,,,17.5,,4,16
2028,100,6,,,,62,,10,18.5
2029,100,6,,,,54,,5,22
2030,100,6,,,,60,,7,28
2031,100,6,,,,2.5,,7,39
2032,71,5,,,,29,,9,3.5
2033,71,5,,,,0,,10,20
2034,71,5,,,,16,,9,28.5
2035,71,5,,,,40,,1,29
2036,71,5,,,,31,,10,30
2037,71,5,,,,2,,3,33
2038,71,5,,,,23.5,,7,37
2039,71,5,,,,30.5,,10,40
2040,71,5,,,,22,,5,44
2041,71,5,,,,0,,9,46
2042,71,5,,,,24,,3,49.5
2043,71,5,,,,23.5,,8,53
2044,78,6,,,,3,,6,2
2045,78,6,,,,21,,10,3
2046,78,6,,,,6.5,,3,5
2047,78,6,,,,47,,12,9.5
2048,78,6,,,,19,,12,11
2049,78,6,,,,29.5,,9,11.5
2050,78,6,,,,2,,3,13
2051,78,6,,,,29,,6,16
2052,78,6,,,,1,,7,37.5
2053,78,6,,,,22,,8,40.5
2054,78,6,,,,10,,3,44.5
2055,78,6,,,,28,,0,44.5
2056,19,4,,,,0,,4,12
2057,19,4,,,,0,,12,18
2058,19,4,,,,0,,5,19
2059,19,4,,,,0,,10,29
2060,19,4,,,,0,,6,29
2061,19,4,,,,0,,10,32
2062,19,4,,,,0,,7,36
2063,19,4,,,,0,,4,37
2064,19,4,,,,0,,10,44
2065,19,4,,,,0,,6,45
2066,19,4,,,,0,,1,48
2067,19,4,,,,0,,9,51
2068,19,4,,,,0,,5,24
2069,19,4,,,,0,,12,53
2070,25,4,,,,0,,2,2
2071,25,4,,,,0,,6,4
2072,25,4,,,,10,,12,7
2073,25,4,,,,0,,8,11.5
2074,27,4,,,,32,,6,6.5
2075,27,4,,,,5,,11,8.5
2076,27,4,,,,15.5,,8,12.5
2077,30,4,,,,14,,10,4.5
2078,30,4,,,,18.5,,6,6
2079,30,4,,,,0,,12,10
2080,30,4,,,,0,,0,20
2081,30,4,,,,0,,6,21.5
2082,14,4,,,,1,,3,2
2083,14,4,,,,27,,9,8
2084,14,4,,,,0,,6,11
2085,14,4,,,,30,,1,16
2086,14,4,,,,20,,2,17
2087,14,4,,,,19.5,,8,21
2088,14,4,,,,2,,9,22
2089,14,4,,,,12,,2,27
2090,14,4,,,,1,,11,35
2091,14,4,,,,11.5,,10,36
2092,14,4,,,,11,,4,39
2093,14,4,,,,33,,1,41.5
2094,14,4,,,,0,,7,44
2095,14,4,,,,0,,3,47
2096,14,4,,,,0,,6,30
2097,14,4,,,,0,,3,33
2098,137,6,,,,2,,6,6
2099,137,6,,,,2,,3,10.5
2100,137,6,,,,8.5,,8,15.5
2101,137,6,,,,2,,4,20
2102,137,6,,,,38,,9,28.5
2103,137,6,,,,18.5,,3,32
2104,137,6,,,,2.5,,1,42.5
2105,137,6,,,,7.5,,6,46
2106,137,6,,,,2,,4,47
2107,137,6,,,,25,,11,47.5
2108,137,6,,,,2,,5,50
2109,137,6,,,,2.5,,12,53
2110,137,6,,,,33.5,,4,73
2111,137,6,,,,27,,12,75
2112,137,6,,,,24.5,,8,75
2113,137,6,,,,42.5,,0,75
2114,98,7,,,,13,,12,0.5
2115,98,7,,,,14,,9,4
2116,98,7,,,,27,,4,7
2117,98,7,,,,2,,1,23.5
2118,98,7,,,,7,,3,24.5
2119,98,7,,,,4,,10,24.5
2120,98,7,,,,17,,7,26
2121,98,7,,,,50,,12,29
2122,98,7,,,,6,,8,32
2123,98,7,,,,24,,2,36
2124,98,7,,,,14,,8,39.5
2125,98,7,,,,9.5,,4,43.5
2126,98,7,,,,13.5,,10,45.5
2127,98,7,,,,21,,1,51
2128,98,7,,,,4.5,,4,54.5
2129,98,7,,,,37,,10,56
2130,98,7,,,,3,,2,56.5
2131,98,7,,,,11,,11,57.5
2132,98,7,,,,14.5,,1,62
2133,98,7,,,,0,,9,65
2134,98,7,,,,16,,11,71
2135,98,7,,,,42,,0,71
2136,101,7,,,,3,,9,0.5
2137,101,7,,,,18.5,,6,2.5
2138,101,7,,,,23.5,,12,7
2139,101,7,,,,21.5,,6,10
2140,101,7,,,,26.5,,2,26
2141,101,7,,,,44,,6,26
2142,101,7,,,,2,,4,26.5
2143,101,7,,,,0,,10,27
2144,101,7,,,,12,,2,33
2145,101,7,,,,18,,9,36
2146,101,7,,,,5,,6,39
2147,101,7,,,,27,,11,42
2148,101,7,,,,10,,10,50
2149,101,7,,,,16.5,,12,54
2150,101,7,,,,3,,3,55
2151,101,7,,,,29,,8,55
2152,101,7,,,,0,,2,31
2153,79,6,,,,22,,3,23.5
2154,79,6,,,,23.5,,8,25
2155,79,6,,,,37,,11,29
2156,79,6,,,,36,,5,31
2157,79,6,,,,28,,10,35
2158,79,6,,,,63,,4,38
2159,79,6,,,,0,,9,54
2160,79,6,,,,54,,11,72
2161,84,7,,,,23,,3,20
2162,84,7,,,,36,,9,20.5
2163,84,7,,,,40,,5,25
2164,84,7,,,,9,,10,28
2165,84,7,,,,33,,3,32
2166,84,7,,,,28,,9,34
2167,84,7,,,,25,,6,50
2168,84,7,,,,16.5,,0,50
2169,99,7,,,,3.5,,12,20
2170,99,7,,,,12,,8,20
2171,99,7,,,,6,,4,20
2172,99,7,,,,7,,11,21.5
2173,99,7,,,,13.5,,5,25
2174,99,7,,,,41,,1,28.5
2175,99,7,,,,26,,0,28.5
2176,56,5,,,,36,,1,5
2177,56,5,,,,32,,9,10
2178,56,5,,,,0,,4,16
2179,56,5,,,,19,,1,20
2180,56,5,,,,42,,11,29
2181,56,5,,,,0,,4,35
2182,56,5,,,,10,,1,35
2183,56,5,,,,25,,5,41
2184,56,5,,,,34.5,,10,44
2185,56,5,,,,12.5,,1,48
2186,56,5,,,,2,,12,54
2187,56,5,,,,3,,10,57
2188,56,5,,,,17,,4,64.5
2189,56,5,,,,0,,8,71
2190,56,5,,,,0,,2,74
2191,56,5,,,,1.5,,9,79
2192,56,5,,,,21,,3,82
2193,56,5,,,,21,,7,84
2194,56,5,,,,62,,0,84
2195,21,6,,,,17.5,,12,1
2196,21,6,,,,25.5,,7,3.5
2197,22,5,,,,8,,6,2
2198,22,5,,,,0,,6,3
2199,33,4,,,,0,,11,4.5
2200,33,4,,,,0,,2,9
2201,33,4,,,,0,,4,8
2202,33,4,,,,0,,10,13
2203,33,4,,,,17.5,,5,20
2204,33,4,,,,8,,7,24
2205,26,5,,,,19,,10,12
2206,26,5,,,,9,,3,16.5
2207,26,5,,,,22,,0,16.5
2208,133,6,,,,25,,7,4
2209,133,6,,,,53,,3,8
2210,133,6,,,,64,,10,12
2211,133,6,,,,27,,6,23
2212,133,6,,,,63.5,,3,24.5
2213,133,6,,,,60,,9,24.5
2214,133,6,,,,36.5,,4,27.5
2215,133,6,,,,30,,10,30.5
2216,133,6,,,,12,,7,34
2217,133,6,,,,42,,3,38
2218,133,6,,,,45,,9,41.5
2219,133,6,,,,18.5,,7,55
2220,133,6,,,,23,,5,56
2221,133,6,,,,35,,11,58.5
2222,133,6,,,,30,,5,61
2223,133,6,,,,39,,0,61
2224,138,5,,,,33,,7,11
2225,138,5,,,,5,,4,15
2226,138,5,,,,72,,11,18
2227,138,5,,,,17,,2,24
2228,138,5,,,,64,,8,26
2229,138,5,,,,3,,4,28
2230,138,5,,,,44,,2,32
2231,138,5,,,,34,,6,32
2232,138,5,,,,18,,9,35
2233,138,5,,,,25,,5,35
2234,138,5,,,,45,,1,36
2235,138,5,,,,4.5,,6,38
2236,138,5,,,,51,,11,41
2237,138,5,,,,0,,5,2.5
2238,138,5,,,,17,,6,20
2239,87,4,,,,20.5,,6,45
2240,87,4,,,,38.5,,2,49
2241,87,4,,,,53,,10,54
2242,87,4,,,,35,,4,55
2243,87,4,,,,47,,1,59
2244,87,4,,,,1,,11,66
2245,87,4,,,,17,,10,69.5
2246,87,4,,,,1,,12,71
2247,87,4,,,,11,,6,75
2248,87,4,,,,3.5,,12,78
2249,87,4,,,,1,,7,80.5
2250,87,4,,,,11.5,,1,83
2251,87,4,,,,1,,,84
2252,84,7,,,,2,,6,8
2253,84,7,,,,20,,12,12
2254,84,7,,,,11,,2,16
2255,84,7,,,,23,,9,20
2256,84,7,,,,20,,4,24
2257,84,7,,,,3,,1,28
2258,84,7,,,,30,,6,32
2259,84,7,,,,11.5,,2,35.5
2260,84,7,,,,49.5,,8,39
2261,84,7,,,,25,,2,45
2262,84,7,,,,75,,10,48
2263,84,7,,,,1.5,,3,49
2264,84,7,,,,1.5,,11,49
2265,84,7,,,,7,,6,50
2266,84,7,,,,3,,2,53
2267,84,7,,,,7.5,,4,79
2268,84,7,,,,42,,2,84
2269,84,7,,,,43.5,,7,84
2270,84,7,,,,50,,0,84
2271,84,7,,,,1,,6,39
2272,84,7,,,,33,,,56
2273,122,7,,,,0,,4,0.5
2274,122,7,,,,0,,3,2.5
2275,122,7,,,,50.5,,9,5
2276,122,7,,,,46,,0,5
2277,125,6,,,,1,,10,11
2278,125,6,,,,2,,6,15
2279,125,6,,,,2.5,,1,20
2280,125,6,,,,4.5,,9,24
2281,125,6,,,,3,,4,29
2282,125,6,,,,28.5,,11,33
2283,125,6,,,,0,,6,36
2284,125,6,,,,15,,2,39
2285,125,6,,,,46,,9,42
2286,125,6,,,,6.5,,12,44
2287,125,6,,,,18.5,,4,44
2288,125,6,,,,33,,10,44
2289,125,6,,,,1,,6,45
2290,125,6,,,,6,,2,48
2291,125,6,,,,1.5,,8,51.5
2292,125,6,,,,5,,4,54.5
2293,125,6,,,,7,,11,58
2294,125,6,,,,2,,6,61
2295,125,6,,,,6.5,,3,64
2296,125,6,,,,6,,10,67
2297,125,6,,,,3.5,,5,70
2298,125,6,,,,4.5,,1,72
2299,125,6,,,,30,,8,74
2300,125,6,,,,39,,5,77
2301,125,6,,,,48,,0,77
2302,126,6,,,,3.5,,4,13
2303,126,6,,,,4,,8,18
2304,126,6,,,,15,,5,22
2305,126,6,,,,8,,9,30
2306,126,6,,,,13.5,,3,37
2307,126,6,,,,16.5,,8,37
2308,126,6,,,,3.5,,9,38
2309,126,6,,,,22,,3,39
2310,126,6,,,,10,,9,43
2311,126,6,,,,28,,4,65
2312,126,6,,,,2,,9,88
2313,126,6,,,,9,,0,88
2314,126,6,,,,0,,1,5
2315,126,6,,,,1,,8,9
2316,119,6,,,,106,,12,8
2317,119,6,,,,56,,6,10.5
2318,119,6,,,,46,,0,11
2319,128,6,,,,9,,9,11
2320,128,6,,,,2.5,,4,36
2321,128,6,,,,1,,8,36
2322,128,6,,,,0,,11,37
2323,128,6,,,,59,,5,31
2324,128,6,,,,1.5,,1,35
2325,128,6,,,,38.5,,12,48
2326,128,6,,,,0,,11,49
2327,128,6,,,,19,,5,49
2328,128,6,,,,19,,12,52
2329,128,6,,,,44,,7,55
2330,128,6,,,,5,,3,58
2331,128,6,,,,3,,9,61
2332,128,6,,,,65,,4,64
2333,128,6,,,,0,,7,4
2334,128,6,,,,0,,12,6
2335,128,6,,,,0,,11,67.5
2336,128,6,,,,26,,2,77
2337,128,6,,,,1.5,,4,77
2338,128,6,,,,36,,4,80.5
2339,128,6,,,,23,,12,84
2340,128,6,,,,33,,6,86
2341,128,6,,,,38,,12,106
2342,128,6,,,,47,,2,107
2343,128,6,,,,43,,7,107
2344,128,6,,,,45,,0,107
2345,115,6,,,,30,,4,20.5
2346,115,6,,,,28.5,,9,22
2347,115,6,,,,3,,3,22
2348,115,6,,,,3,,2,22
2349,115,6,,,,2,,2,27
2350,115,6,,,,3,,6,31
2351,115,6,,,,41,,12,35.5
2352,115,6,,,,3.5,,4,38.5
2353,115,6,,,,20,,3,49
2354,115,6,,,,8.5,,9,49
2355,115,6,,,,27,,10,52
2356,115,6,,,,18,,3,55.5
2357,115,6,,,,37,,2,61.5
2358,115,6,,,,9,,12,75
2359,115,6,,,,46,,6,75
2360,115,6,,,,34,,3,78
2361,115,6,,,,21,,7,81
2362,115,6,,,,50,,0,81
2363,121,6,,,,11,,2,0.5
2364,121,6,,,,7,,7,2
2365,121,6,,,,125,,12,6.5
2366,108,5,,,,12,,9,3
2367,108,5,,,,49,,6,8
2368,108,5,,,,38,,12,10
2369,108,5,,,,15,,6,13
2370,108,5,,,,31,,12,16
2371,108,5,,,,36,,10,23.5
2372,108,5,,,,35,,6,23.5
2373,108,5,,,,34,,6,33
2374,108,5,,,,47.5,,1,36.5
2375,108,5,,,,34.5,,9,39.5
2376,108,5,,,,38,,1,45
2377,108,5,,,,30,,12,54.5
2378,108,5,,,,2.5,,6,54.5
2379,108,5,,,,48.5,,0,54.5
2380,107,6,,,,26,,3,2
2381,107,6,,,,19,,12,15
2382,107,6,,,,15,,6,17
2383,107,6,,,,11,,8,34
2384,107,6,,,,23,,0,34
2385,107,6,,,,1,,1,2
2386,117,6,,,,1.5,,1,1.5
2387,117,6,,,,15.5,,2,18
2388,117,6,,,,33,,6,19
2389,117,6,,,,20,,2,20
2390,117,6,,,,21,,8,23
2391,117,6,,,,16,,1,27.5
2392,117,6,,,,22,,2,39
2393,117,6,,,,25,,0,39
2394,105,6,,,,18.5,,11,2
2395,105,6,,,,6.5,,9,6
2396,105,6,,,,26,,3,10.5
2397,105,6,,,,10,,2,27
2398,105,6,,,,21,,9,31.5
2399,105,6,,,,40,,0,31.5
2400,103,6,,,,35,,7,2
2401,103,6,,,,0,,12,24.5
2402,103,6,,,,25,,9,25
2403,103,6,,,,0,,12,27
2404,103,6,,,,16.5,,9,30
2405,103,6,,,,10,,8,44
2406,103,6,,,,25,,0,44
2407,93,6,,,,14,,9,1
2408,93,6,,,,2,,9,8
2409,93,6,,,,38,,3,11
2410,93,6,,,,0,,11,14
2411,93,6,,,,0,,12,37
2412,93,6,,,,0,,3,39
2413,93,6,,,,8,,10,41
2414,93,6,,,,53,,10,49
2415,93,6,,,,45,,5,52
2416,93,6,,,,63,,12,55
2417,95,6,,,,0,,11,16
2418,95,6,,,,0,,9,17
2419,184,4,,,,37,,10,6
2420,184,4,,,,0,,3,9
2421,184,4,,,,29,,8,13
2422,184,4,,,,22.5,,2,16
2423,184,4,,,,9.5,,6,19
2424,184,4,,,,53,,12,22
2425,184,4,,,,9.5,,5,25.5
2426,184,4,,,,53,,9,28
2427,184,4,,,,21,,2,31
2428,184,4,,,,6,,6,33.5
2429,184,4,,,,33.5,,10,36
2430,184,4,,,,4,,3,37
2431,184,4,,,,22.5,,9,37
2432,184,4,,,,7.5,,12,37.5
2433,184,4,,,,1,,5,38.5
2434,184,4,,,,21,,10,40
2435,184,4,,,,4.5,,4,42
2436,184,4,,,,8,,8,46
2437,184,4,,,,16,,2,48
2438,184,4,,,,3,,6,51
2439,184,4,,,,26,,10,54
2440,184,4,,,,4.5,,4,56
2441,184,4,,,,14,,9,58
2442,184,4,,,,36,,2,60.5
2443,184,4,,,,17,,6,62.5
2444,184,4,,,,13,,1,63
2445,184,4,,,,3,,6,64
2446,184,4,,,,22,,12,67
2447,184,4,,,,12.5,,6,70
2448,184,4,,,,8,,10,73
2449,184,4,,,,10,,3,81.5
2450,184,4,,,,17,,9,81.5
2451,184,4,,,,22,,0,81.5
2452,131,6,,,,0,,4,11
2453,131,6,,,,0,,11,16
2454,131,6,,,,1.5,,5,20
2455,131,6,,,,4,,1,25.5
2456,131,6,,,,18,,9,30
2457,131,6,,,,5.5,,3,35
2458,131,6,,,,6,,11,39
2459,131,6,,,,3,,6,43
2460,131,6,,,,38,,11,50
2461,131,6,,,,1.5,,12,53
2462,131,6,,,,16,,7,53
2463,131,6,,,,1,,5,54
2464,131,6,,,,0,,1,55
2465,131,6,,,,2,,7,58
2466,131,6,,,,1.5,,2,61
2467,131,6,,,,2.5,,10,65
2468,131,6,,,,41,,4,68
2469,131,6,,,,30,,1,71
2470,131,6,,,,25,,7,74.5
2471,131,6,,,,40,,11,81
2472,131,6,,,,47,,6,83.5
2473,131,6,,,,48,,2,86
2474,131,6,,,,56,,10,88
2475,131,6,,,,50,,6,88
2476,131,6,,,,28,,0,88
2477,114,5,,,,54,,4,10
2478,114,5,,,,46,,4,28
2479,114,5,,,,75,,12,32
2480,118,5,,,,68,,10,1
2481,118,5,,,,3.5,,7,1
2482,118,5,,,,20,,7,4.5
2483,118,5,,,,35,,9,12
2484,120,5,,,,37,,8,1
2485,120,5,,,,38,,7,7
2486,44,5,,,,10.5,,6,5
2487,44,5,,,,25,,0,5
2488,116,6,,,,25,,2,2
2489,116,6,,,,2,,5,2
2490,116,6,,,,73,,9,3.5
2491,116,6,,,,27.5,,3,8
2492,116,6,,,,23,,9,22
2493,116,6,,,,23,,0,22
2494,164,4,,,,20,,8,4
2495,164,4,,,,24,,3,8.5
2496,164,4,,,,38,,6,13
2497,164,4,,,,26.5,,9,26
2498,164,4,,,,27.5,,9,28
2499,164,4,,,,10.5,,7,53
2500,164,4,,,,19,,9,53.5
2501,164,4,,,,4.5,,2,54
2502,164,4,,,,15.5,,6,56
2503,164,4,,,,20.5,,11,59
2504,164,4,,,,0,,4,63
2505,164,4,,,,5.5,,7,66
2506,164,4,,,,18,,1,71
2507,164,4,,,,26,,9,77
2508,164,4,,,,9,,0,77
2509,164,4,,,,0,,5,74
2510,122,7,,,,10,,9,3
2511,122,7,,,,93,,3,7
2512,122,7,,,,34,,9,11.5
2513,122,7,,,,25,,0,11.5
2514,135,6,,,,11,,2,4
2515,135,6,,,,84,,9,9
2516,135,6,,,,19.5,,4,12.5
2517,135,6,,,,38,,8,30
2518,135,6,,,,24,,3,33
2519,135,6,,,,27.5,,0,33
2520,123,6,,,,62,,10,3.5
2521,123,6,,,,35,,6,4
2522,123,6,,,,45.5,,1,7
2523,123,6,,,,46.5,,6,10
2524,123,6,,,,30,,1,28.5
2525,123,6,,,,12,,0,28.5
2526,161,5,,,,5,,1,1.5
2527,161,5,,,,14,,6,8.5
2528,161,5,,,,34,,12,12
2529,161,5,,,,17,,9,15.5
2530,161,5,,,,23.5,,4,19.5
2531,161,5,,,,42.5,,3,31
2532,161,5,,,,19,,8,31
2533,161,5,,,,27.5,,0,31
2534,172,4,,,,0,,10,3
2535,172,4,,,,0,,3,7.5
2536,172,4,,,,28,,7,11
2537,172,4,,,,33,,1,33
2538,172,4,,,,38.5,,2,34
2539,172,4,,,,30.5,,7,36
2540,172,4,,,,19,,6,38.5
2541,172,4,,,,14,,12,41
2542,172,4,,,,85,,5,45
2543,172,4,,,,23,,10,47
2544,172,4,,,,9,,3,50
2545,172,4,,,,11.5,,6,52
2546,172,4,,,,28.5,,2,60
2547,172,4,,,,28,,1,60
2548,172,4,,,,1.5,,10,60
2549,185,5,,,,0,,13,4
2550,185,5,,,,1,,3,8
2551,185,5,,,,8,,7,12
2552,185,5,,,,9.5,,3,15.5
2553,185,5,,,,6,,9,20
2554,185,5,,,,15.5,,2,32
2555,185,5,,,,25,,9,32
2556,185,5,,,,33.5,,10,47
2557,185,5,,,,16,,3,48.5
2558,185,5,,,,13,,10,51
2559,185,5,,,,4,,1,54
2560,185,5,,,,19.5,,12,57
2561,185,5,,,,0,,7,59
2562,185,5,,,,1.5,,,62
2563,185,5,,,,2.5,,6,64
2564,185,5,,,,9,,12,67
2565,185,5,,,,25,,0,67
2566,173,4,,,,5.5,,12,4
2567,173,4,,,,19,,4,7.5
2568,173,4,,,,5,,12,27
2569,173,4,,,,4,,6,27.5
2570,173,4,,,,5,,8,27.5
2571,173,4,,,,5,,5,30
2572,173,4,,,,32,,12,34
2573,173,4,,,,8,,3,36.5
2574,173,4,,,,16,,7,40.5
2575,173,4,,,,47.5,,1,43
2576,173,4,,,,29.5,,9,48
2577,173,4,,,,23.5,,9,57
2578,173,4,,,,20.5,,2,60
2579,173,4,,,,15,,12,62
2580,173,4,,,,3.5,,2,74
2581,173,4,,,,13,,9,84
2582,173,4,,,,4,,2,80
2583,173,4,,,,18,,10,78
2584,173,4,,,,2.5,,4,75.5
2585,171,4,,,,2.5,,3,1.5
2586,171,4,,,,23.5,,12,8
2587,171,4,,,,1.5,,5,13.5
2588,171,4,,,,30,,9,18
2589,171,4,,,,36,,3,20
2590,171,4,,,,1,,5,28.5
2591,171,4,,,,50,,10,36
2592,171,4,,,,3.5,,5,36
2593,171,4,,,,8,,11,38.5
2594,171,4,,,,8,,4,42
2595,171,4,,,,17.5,,9,45
2596,171,4,,,,33.5,,3,48.5
2597,171,4,,,,23,,9,51.5
2598,171,4,,,,30,,1,54.5
2599,171,4,,,,19.5,,12,65
2600,171,4,,,,6,,6,65
2601,171,4,,,,36.5,,0,65.5
2602,37,4,,,,0,,12,4
2603,37,4,,,,0,,4,7
2604,37,4,,,,25,,10,10
2605,37,4,,,,0,,2,12.5
2606,39,4,,,,0,,2,2
2607,39,4,,,,,,3,9
2608,39,4,,,,0,,8,11
2609,39,4,,,,0,,0,12
2610,39,4,,,,10,,8,11
2611,175,4,,,,0,,6,4
2612,175,4,,,,42,,10,9
2613,175,4,,,,56,,2,15.5
2614,175,4,,,,18,,6,15.5
2615,175,4,,,,24,,1,33
2616,175,4,,,,25,,6,32
2617,175,4,,,,4.5,,3,38
2618,175,4,,,,19,,9,40
2619,175,4,,,,5,,6,43.5
2620,175,4,,,,16.5,,1,46
2621,175,4,,,,24,,8,49
2622,175,4,,,,18,,3,51
2623,175,4,,,,0,,11,54
2624,175,4,,,,32,,6,56
2625,175,4,,,,22,,2,64
2626,175,4,,,,5,,6,63.5
2627,175,4,,,,26,,8,64
2628,175,4,,,,15,,2,66
2629,175,4,,,,31,,10,66
2630,175,4,,,,48,,0,66
2631,175,4,,,,0,,7,34
2632,174,4,,,,3,,8,17
2633,174,4,,,,3,,8,18
2634,174,4,,,,16,,1,21
2635,174,4,,,,30,,5,25
2636,174,4,,,,16.5,,11,28
2637,174,4,,,,22,,5,31.5
2638,174,4,,,,9,,11,44.5
2639,174,4,,,,50,,0,44.5
2640,169,4,,,,3,,4,2.5
2641,169,4,,,,25,,9,6
2642,169,4,,,,16,,3,9.5
2643,169,4,,,,27,,6,15.5
2644,169,4,,,,0,,11,18.5
2645,169,4,,,,4,,6,30.5
2646,169,4,,,,34,,9,33.5
2647,169,4,,,,44.5,,3,34.5
2648,169,4,,,,4,,9,35
2649,169,4,,,,15.5,,3,39
2650,169,4,,,,0,,7,42
2651,169,4,,,,25,,1,46.5
2652,169,4,,,,43,,11,53
2653,169,4,,,,18.5,,3,55.5
2654,169,4,,,,24.5,,9,64
2655,169,4,,,,9,,2,64
2656,169,4,,,,36.5,,0,64
2657,156,6,,,,0,,6,4
2658,156,6,,,,0,,2,7
2659,156,6,,,,12.5,,8,11
2660,156,6,,,,14,,3,14
2661,156,6,,,,34,,9,18
2662,156,6,,,,0,,2,21
2663,156,6,,,,34,,5,25
2664,156,6,,,,2.5,,2,31
2665,156,6,,,,23,,3,47.5
2666,156,6,,,,2.5,,7,49.5
2667,156,6,,,,11.5,,1,52
2668,156,6,,,,26,,0,52
2669,149,6,,,,24,,8,4
2670,149,6,,,,35,,7,15
2671,149,6,,,,57,,9,26
2672,149,6,,,,14.5,,9,28
2673,149,6,,,,3.5,,5,31
2674,149,6,,,,2,,12,35
2675,149,6,,,,23,,6,38.5
2676,149,6,,,,36.5,,0,38.5
2677,150,5,,,,10,,6,3
2678,150,5,,,,8,,9,10
2679,150,5,,,,26,,5,13.5
2680,150,5,,,,48,,4,23
2681,159,6,,,,2.5,,9,0.5
2682,159,6,,,,18.5,,4,2
2683,159,6,,,,18,,11,5.5
2684,159,6,,,,2,,8,9
2685,159,6,,,,22,,4,13.5
2686,159,6,,,,27.5,,0,13.5
2687,155,6,,,,1.5,,2,3
2688,155,6,,,,22.5,,7,7.5
2689,155,6,,,,41,,3,12
2690,155,6,,,,32,,9,16
2691,155,6,,,,46.5,,12,26
2692,155,6,,,,24,,3,41
2693,155,6,,,,25.5,,9,44.5
2694,155,6,,,,23,,3,47.5
2695,155,6,,,,40,,11,52
2696,155,6,,,,29,,3,64
2697,155,6,,,,5.5,,10,67
2698,155,6,,,,11.5,,4,71
2699,155,6,,,,10.5,,9,89.5
2700,155,6,,,,30,,0,89.5
2701,206,6,,,,44,,3,20
2702,206,6,,,,18,,5,23
2703,206,6,,,,51,,11,25
2704,206,6,,,,38,,7,28
2705,206,6,,,,41.5,,4,38
2706,206,6,,,,29,,1,56
2707,206,6,,,,32,,0,56
2708,130,6,,,,18,,6,1.5
2709,130,6,,,,11.3,,12,27
2710,130,6,,,,2.5,,5,40
2711,130,6,,,,6,,10,40
2712,130,6,,,,24.5,,11,42
2713,130,6,,,,17,,5,47
2714,130,6,,,,47,,11,49.5
2715,130,6,,,,22,,6,53.5
2716,130,6,,,,21,,5,63
2717,130,6,,,,11.5,,8,65
2718,130,6,,,,42,,0,65
2719,166,4,,,,0,,10,3
2720,166,4,,,,0,,2,7
2721,166,4,,,,0,,6,11.5
2722,166,4,,,,42,,11,15
2723,166,4,,,,21.5,,3,18
2724,166,4,,,,32,,1,30
2725,166,4,,,,2.5,,1,31
2726,166,4,,,,0,,5,31
2727,166,4,,,,57.5,,10,34
2728,166,4,,,,17,,3,36.5
2729,166,4,,,,8,,7,39.5
2730,166,4,,,,29,,1,43
2731,166,4,,,,15,,2,43
2732,166,4,,,,0,,5,46
2733,166,4,,,,15,,8,49.5
2734,166,4,,,,0,,2,52
2735,166,4,,,,17,,6,55
2736,166,4,,,,40,,10,59
2737,166,4,,,,0,,2,60
2738,166,4,,,,32,,7,60
2739,166,4,,,,10,,1,61
2740,110,5,,,,1.5,,6,18
2741,110,5,,,,1,,9,19
2742,110,5,,,,32,,12,20
2743,110,5,,,,1,,6,22.5
2744,110,5,,,,35,,1,25.5
2745,110,5,,,,15,,12,31
2746,110,5,,,,14,,0,31
2747,183,5,,,,9.5,,9,4
2748,183,5,,,,34.5,,3,7
2749,183,5,,,,19.5,,6,10.5
2750,183,5,,,,47.5,,10,14
2751,183,5,,,,56,,4,16.5
2752,183,5,,,,32,,7,20
2753,183,5,,,,23,,9,36
2754,183,5,,,,7,,1,36.5
2755,183,5,,,,0,,5,37
2756,183,5,,,,14,,10,39.5
2757,183,5,,,,23,,3,42
2758,183,5,,,,51,,0,42
2759,216,6,,,,3,,5,0.5
2760,216,6,,,,71,,1,3
2761,216,6,,,,98,,9,8
2762,216,6,,,,4.5,,5,13
2763,216,6,,,,53.5,,12,16
2764,216,6,,,,18,,6,20
2765,216,6,,,,60,,12,23.5
2766,216,6,,,,1.5,,7,32
2767,216,6,,,,18,,10,41
2768,216,6,,,,14,,0,41
2769,179,5,,,,2,,12,3
2770,179,5,,,,18,,4,6
2771,179,5,,,,61,,3,29
2772,179,5,,,,47,,9,29
2773,179,5,,,,2,,9,29.5
2774,179,5,,,,0,,2,30.5
2775,179,5,,,,1.5,,7,33
2776,179,5,,,,29.5,,12,37
2777,179,5,,,,2,,5,40
2778,179,5,,,,47,,3,47
2779,179,5,,,,10,,8,50.5
2780,179,5,,,,54,,12,54
2781,179,5,,,,17,,10,60
2782,179,5,,,,2.5,,5,61
2783,179,5,,,,8,,10,63
2784,179,5,,,,0,,4,64.5
2785,179,5,,,,5.5,,8,68
2786,179,5,,,,26,,2,70
2787,179,5,,,,35,,0,70
2788,204,6,,,,12,,7,1.5
2789,204,6,,,,11,,5,5
2790,204,6,,,,25.5,,12,8
2791,204,6,,,,39.5,,6,13
2792,204,6,,,,35.5,,2,17
2793,204,6,,,,15,,10,25
2794,204,6,,,,37,,12,31
2795,204,6,,,,39,,6,31
2796,204,6,,,,22,,12,33.5
2797,204,6,,,,10,,4,35.5
2798,204,6,,,,30,,10,39
2799,204,6,,,,2,,4,44.5
2800,204,6,,,,30,,10,44.5
2801,204,6,,,,15.5,,8,48.5
2802,204,6,,,,0,,3,57
2803,204,6,,,,6,,12,58
2804,204,6,,,,4,,4,61
2805,204,6,,,,25.5,,9,63
2806,204,6,,,,21.5,,1,66.5
2807,204,6,,,,0,,5,68.5
2808,204,6,,,,4,,10,71
2809,204,6,,,,2.5,,5,73.5
2810,204,6,,,,13,,1,74.5
2811,204,6,,,,2.5,,3,75
2812,204,6,,,,10.5,,9,75
2813,204,6,,,,26,,0,75
2814,202,6,,,,27.5,,3,1
2815,202,6,,,,23,,9,5
2816,202,6,,,,13,,5,8
2817,202,6,,,,38.5,,12,14
2818,202,6,,,,22,,7,16
2819,202,6,,,,22.5,,2,19
2820,202,6,,,,0,,3,27
2821,202,6,,,,33,,7,27
2822,202,6,,,,11,,11,27
2823,202,6,,,,2,,12,33
2824,202,6,,,,11.5,,2,35
2825,202,6,,,,11,,8,38
2826,202,6,,,,13,,4,41
2827,202,6,,,,12,,11,44
2828,202,6,,,,10,,6,48
2829,202,6,,,,17,,3,51
2830,202,6,,,,16,,9,53.5
2831,202,6,,,,0,,6,33
2832,202,6,,,,42,,12,59.5
2833,202,6,,,,19,,4,66.5
2834,202,6,,,,42.5,,9,66.5
2835,202,6,,,,13,,1,67.5
2836,202,6,,,,8,,7,69
2837,202,6,,,,15,,3,72.5
2838,202,6,,,,14,,9,75
2839,202,6,,,,10.5,,7,82
2840,202,6,,,,12,,1,88
2841,202,6,,,,14,,1,102
2842,202,6,,,,23.5,,0,102
2843,177,4,,,,5.5,,10,0.5
2844,177,4,,,,6.5,,3,2
2845,177,4,,,,0,,7,6
2846,177,4,,,,21.5,,12,10
2847,177,4,,,,34,,4,14
2848,177,4,,,,36,,9,16.5
2849,177,4,,,,22,,3,20
2850,177,4,,,,42,,7,23
2851,177,4,,,,4.5,,12,25.5
2852,177,4,,,,13.5,,4,28
2853,177,4,,,,11.5,,10,31.5
2854,177,4,,,,4,,3,34
2855,177,4,,,,7,,12,36
2856,177,4,,,,4,,3,36
2857,177,4,,,,5.5,,4,38.5
2858,177,4,,,,1.5,,9,40
2859,177,4,,,,4,,1,43
2860,177,4,,,,17,,5,45.5
2861,177,4,,,,15.5,,10,47
2862,177,4,,,,32,,8,50
2863,177,4,,,,0,,2,52.5
2864,177,4,,,,4,,5,54
2865,177,4,,,,27,,10,59
2866,177,4,,,,0,,3,62
2867,177,4,,,,15,,9,63.5
2868,177,4,,,,9,,2,66
2869,192,6,,,,0,,2,5
2870,192,6,,,,0,,1,8
2871,192,6,,,,0,,2,12
2872,192,6,,,,4,,11,27
2873,192,6,,,,57,,3,31
2874,192,6,,,,50,,7,32
2875,192,6,,,,1,,5,32
2876,192,6,,,,2,,10,33.5
2877,192,6,,,,3,,3,36
2878,192,6,,,,3.5,,7,39.5
2879,192,6,,,,6.5,,1,43.5
2880,192,6,,,,1,,5,47
2881,192,6,,,,10,,9,51
2882,192,6,,,,7.5,,3,54
2883,192,6,,,,5.5,,8,60
2884,192,6,,,,5,,12,62
2885,192,6,,,,2.5,,6,64
2886,192,6,,,,19,,10,65.5
2887,192,6,,,,23.5,,2,66.5
2888,192,6,,,,11.5,,12,66.5
2889,192,6,,,,31.5,,6,72.5
2890,192,6,,,,10.5,,12,76
2891,192,6,,,,1.5,,4,79
2892,192,6,,,,32.5,,8,82.5
2893,192,6,,,,10.5,,2,84.5
2894,192,6,,,,7,,7,87
2895,192,6,,,,4.5,,12,89
2896,192,6,,,,5,,4,92
2897,192,6,,,,21.5,,12,94
2898,192,6,,,,26,,5,95.5
2899,192,6,,,,38,,7,95.5
2900,192,6,,,,45,,0,95.5
2901,192,6,,,,0,,2,21
2902,178,4,,,,3,,6,3
2903,178,4,,,,62,,10,6.5
2904,178,4,,,,18,,3,10
2905,178,4,,,,25,,1,16.5
2906,178,4,,,,36,,8,22
2907,178,4,,,,2.5,,1,32.5
2908,178,4,,,,37,,8,32.5
2909,178,4,,,,37,,1,36
2910,178,4,,,,37,,8,41
2911,178,4,,,,10,,3,66
2912,178,4,,,,2,,7,66
2913,178,4,,,,11,,0,66
2914,194,6,,,,16.5,,9,5.5
2915,194,6,,,,50.5,,4,9.5
2916,194,6,,,,2,,4,27.5
2917,194,6,,,,5,,8,27.5
2918,194,6,,,,15,,11,27.5
2919,194,6,,,,3,,6,29
2920,194,6,,,,20.5,,2,32
2921,194,6,,,,3,,8,35
2922,194,6,,,,7,,3,38.5
2923,194,6,,,,3.5,,4,46
2924,194,6,,,,10,,11,49
2925,194,6,,,,27.5,,0,49
2926,85,7,,,,11,,7,9
2927,85,7,,,,7,,3,29
2928,85,7,,,,23.5,,1,30.5
2929,85,7,,,,30,,0,30.5
2930,153,6,,,,3.5,,6,0.5
2931,153,6,,,,29.5,,12,4
2932,153,6,,,,25,,6,9
2933,153,6,,,,43,,12,14.5
2934,153,6,,,,27,,8,31
2935,153,6,,,,49.5,,0,31
2936,208,6,,,,17.5,,7,5.5
2937,208,6,,,,48,,3,10
2938,208,6,,,,2,,5,22.5
2939,208,6,,,,16,,5,32.5
2940,208,6,,,,7.5,,2,42
2941,208,6,,,,14,,8,44.5
2942,208,6,,,,16.5,,3,46
2943,208,6,,,,13,,7,56
2944,208,6,,,,27,,0,56
2945,160,6,,,,2.5,,12,1
2946,160,6,,,,1,,6,6
2947,160,6,,,,1.5,,1,8.5
2948,160,6,,,,6.5,,7,12
2949,160,6,,,,6,,3,15
2950,160,6,,,,4.5,,12,27.5
2951,160,6,,,,1,,7,30.5
2952,160,6,,,,0,,2,33.5
2953,160,6,,,,0,,3,40
2954,160,6,,,,8,,4,50.5
2955,160,6,,,,9,,10,54
2956,160,6,,,,29.5,,0,54
2957,162,6,,,,26.5,,9,2
2958,162,6,,,,36,,3,6
2959,162,6,,,,33,,5,26.5
2960,162,6,,,,13,,1,41
2961,162,6,,,,39,,0,41
2962,151,6,,,,16,,7,7.5
2963,151,6,,,,3,,1,8
2964,151,6,,,,34,,6,15.5
2965,151,6,,,,25.5,,2,20.5
2966,151,6,,,,30,,2,24.5
2967,151,6,,,,7.5,,2,34
2968,151,6,,,,1,,9,34
2969,151,6,,,,16.5,,4,35
2970,151,6,,,,13,,5,56
2971,151,6,,,,5.5,,11,67
2972,151,6,,,,24,,0,67
2973,196,6,,,,15,,3,4
2974,196,6,,,,0,,9,8
2975,196,6,,,,6.5,,6,12
2976,196,6,,,,59,,1,17.5
2977,196,6,,,,9,,8,21
2978,196,6,,,,31,,4,24.5
2979,196,6,,,,20,,10,27
2980,196,6,,,,26,,6,29.5
2981,196,6,,,,30,,6,35
2982,196,6,,,,3,,9,37.5
2983,196,6,,,,14.5,,5,39.5
2984,196,6,,,,38,,4,51
2985,196,6,,,,0,,12,51
2986,196,6,,,,35,,0,51
2987,199,5,,,,16,,5,3.5
2988,199,5,,,,11,,9,8
2989,199,5,,,,15,,3,15.5
2990,199,5,,,,15,,10,23
2991,199,5,,,,1.5,,5,29
2992,199,5,,,,48,,10,42
2993,199,5,,,,2.5,,6,13
2994,199,5,,,,62,,5,31.5
2995,199,5,,,,2,,3,31.5
2996,199,5,,,,10,,11,33
2997,199,5,,,,7,,5,36
2998,199,5,,,,20,,11,40
2999,199,5,,,,21,,6,43
3000,199,5,,,,13,,2,47
3001,199,5,,,,29.5,,6,51.5
3002,199,5,,,,11,,3,54.5
3003,199,5,,,,39,,9,58
3004,199,5,,,,13.5,,5,61
3005,199,5,,,,22,,1,63
3006,199,5,,,,19,,5,67
3007,199,5,,,,33,,11,68.5
3008,199,5,,,,39,,6,68.5
3009,199,5,,,,18,,12,84
3010,199,5,,,,23,,6,87
3011,199,5,,,,37.5,,0,87
3012,214,6,,,,59,,5,3
3013,214,6,,,,39,,11,6
3014,214,6,,,,51,,5,11
3015,214,6,,,,2.5,,6,15
3016,214,6,,,,6,,9,28
3017,214,6,,,,37,,1,38
3018,214,6,,,,46,,12,45
3019,214,6,,,,3,,1,45
3020,214,6,,,,78,,7,45
3021,214,6,,,,3,,11,45
3022,214,6,,,,34.5,,3,47
3023,214,6,,,,51,,10,50
3024,214,6,,,,6,,6,53
3025,214,6,,,,28.5,,12,56
3026,214,6,,,,24.5,,8,59
3027,214,6,,,,42,,3,62
3028,214,6,,,,17,,10,64.5
3029,214,6,,,,28.5,,6,67.5
3030,214,6,,,,15,,12,70
3031,214,6,,,,4,,10,77
3032,214,6,,,,2,,12,77
3033,214,6,,,,43,,6,77.5
3034,214,6,,,,20,,3,78
3035,214,6,,,,5,,11,81
3036,214,6,,,,17,,6,84
3037,214,6,,,,19.5,,2,87
3038,214,6,,,,22,,9,89.5
3039,214,6,,,,1,,3,92
3040,214,6,,,,2,,10,94
3041,214,6,,,,0,,12,102
3042,214,6,,,,12,,5,102
3043,214,6,,,,15.5,,6,118
3044,214,6,,,,25,,0,118
3045,212,5,,,,37,,9,0.5
3046,212,5,,,,25,,5,4
3047,212,5,,,,30,,2,7.5
3048,212,5,,,,3.5,,7,12.5
3049,212,5,,,,10,,3,22
3050,212,5,,,,71.5,,5,28
3051,212,5,,,,71,,12,28
3052,212,5,,,,2,,6,29
3053,212,5,,,,38.5,,11,31.5
3054,212,5,,,,17,,2,34.5
3055,212,5,,,,13.5,,6,35
3056,212,5,,,,22.5,,6,39
3057,212,5,,,,23,,3,42
3058,212,5,,,,87,,9,46
3059,212,5,,,,90,,10,52
3060,212,5,,,,37,,2,57
3061,212,5,,,,61,,5,57.5
3062,212,5,,,,2,,9,57.5
3063,212,5,,,,6,,2,61
3064,212,5,,,,4.5,,8,64
3065,212,5,,,,5,,3,70
3066,212,5,,,,4.5,,9,72
3067,212,5,,,,4,,6,76
3068,212,5,,,,59,,1,77.5
3069,212,5,,,,4.5,,7,81
3070,212,5,,,,0,,6,87
3071,212,5,,,,39,,2,88
3072,212,5,,,,3,,10,88
3073,212,5,,,,43,,6,89
3074,212,5,,,,0,,2,89
3075,212,5,,,,19.5,,6,92.5
3076,212,5,,,,31,,2,95
3077,212,5,,,,42,,0,95