twig,tree,date,parent,angle,parent_dist,length,spur,broken
1,15,45,11,12,10,50,,
2,15,45,11,3,9.5,12.5,,
3,15,45,11,9,10,9,,
4,15,45,12,2,14,45,,
5,15,45,12,9,0.5,16,,
6,15,45,10,3,0,18,,
7,15,45,10,2,10,45,,
8,15,45,10,4,20,50,,
9,15,45,10,10,25,29,,
10,15,45,10,2,30,43,,
11,15,45,10,10,37,26,,
12,15,45,13,3,5,23,,
13,15,45,8,5,19,20,,
14,15,45,7,7,40,14,,
15,15,45,9,11,16,20,,
16,15,45,9,7,19,43
17,15,45,17,3,1,30
18,15,45,17,3,12,40
19,15,45,16,1,1,25
20,15,45,7,1,5,0
21,15,45,7,9,12,0
22,15,45,7,6,18,0
23,15,45,7,12,20,0
24,15,45,7,7,25,0
25,15,45,7,2,29,0
26,15,45,7,9,30,0
27,15,45,7,12,35,0
28,15,45,7,7,38,0
29,15,45,7,4,41,0
30,15,45,7,11,43,0
31,15,45,7,1,46,14.5
32,15,66,86,3,6,0,,
33,15,66,86,7,11,3,,y
34,15,66,86,1,15,42,,
35,15,66,86,5,22,0,,
36,15,66,86,10,27,0,,
37,15,66,86,2,32,0,,
38,15,66,86,6,38,0,,
39,15,66,86,5,43,15,,
40,15,66,86,7,45,0,,
41,15,66,86,2,49,0,,
42,15,66,86,5,25,0,,
43,15,66,77,6,2,58,,
44,15,66,77,10,7,0,,
45,15,66,80,11,4,0,,
46,15,66,80,3,5,36,,
47,15,66,80,6,6,0,,
48,15,66,80,12,9,0,,
49,15,66,80,5,15,0,,
50,15,66,89,6,,0,,
51,15,66,89,2,,0,,
52,15,66,89,8,,34,,
53,15,66,89,5,,17,,
54,15,66,89,11,,0,,
55,15,66,89,7,,0,,
56,15,66,89,3,,7,y,
57,15,66,89,9,,4,,
58,15,66,89,5,,35,,y
59,15,66,89,10,,0,,
60,15,66,89,6,,28,,
61,15,66,91,6,4,0,,
62,15,66,91,3,7,49,,
63,15,66,91,3,10,0,,
64,15,66,91,6,10,0,
65,15,66,90,2,0,7,y
66,15,66,90,7,5,31,
67,15,66,90,4,15,34.5,
68,15,66,90,5,23,5,y
69,15,66,90,2,24,35,y
70,15,66,90,6,33,7,y
71,15,66,90,4,34,11,y
72,15,66,90,12,42,12,y
73,15,66,7,9,51,0,
74,15,66,7,7,54,0,
75,15,66,7,1,55,0,
76,15,66,58,9,7,5,y
77,15,66,60,7,4,0,
78,15,66,63,9,7,0,
79,15,66,63,3,10,0,
80,15,66,63,6,13,0,
81,15,66,65,5,2,0,
82,15,66,66,5,,0,
83,15,66,66,9,,0,
84,15,66,66,1,,17,y
85,15,66,66,3,,0,
86,15,66,66,7,,0,
87,15,66,66,6,,0,
88,15,66,68,5,4,0,
89,15,66,68,10,6,0,
90,15,66,68,3,8,0,
91,15,66,68,6,10,0,
92,15,66,68,1,13,27,
93,15,66,68,4,316,0,
94,15,66,70,2,3,24,
95,15,66,70,6,6,0,
96,15,66,82,2,4,5.5,y
97,15,66,82,3,4,0,
98,15,66,82,4,11,0,
99,15,66,82,5,16,24.5,
100,15,66,82,7,17,39,
101,15,66,82,12,19,24,
102,15,66,82,6,19,45,
103,15,66,82,8,17,28.5,
104,15,66,82,9,17,51,
105,15,66,83,2,4,81,
106,15,66,83,10,8.5,43.5,
107,15,66,83,1,11,63,
108,15,66,83,11,17,77,
109,15,66,83,2,19,0,
110,15,66,83,4,32,0,
111,15,66,83,5,51,0,
112,15,66,83,3,53,2.5,y,
113,15,66,83,8,54,25,,
114,15,66,83,5,57,36,,
115,15,66,83,1,58,0,,
116,15,66,83,11,59,52,,
117,15,66,83,7,53.5,0,,
118,15,66,81,2,2,15,,y
119,15,66,81,1,11,7.5,,
120,15,66,81,4,8,69,,
121,15,66,81,3,35,36.5,,
122,15,66,81,12,36,38,,
123,15,66,81,10,36,27,,
124,15,66,74,6,27,0,,
125,15,66,74,11,30,0,,
126,15,66,74,4,33,0,,
127,15,66,74,4,10,0,,
128,15,66,87,3,25,0
129,15,66,87,11,30,0
130,15,66,87,12,32,35
131,15,66,87,9,38,55
132,15,66,87,1,41,0
133,15,66,87,7,17,0
134,15,66,92,11,1.5,39
135,15,66,92,4,28.5,0
136,15,66,92,2,27,34
137,15,66,92,10,28,22
138,15,66,92,9,29,26.5
139,15,66,75,6,15,0
140,15,66,75,11,22,4.5
141,15,66,75,10,23,0
142,15,66,75,6,29.5,0
143,15,66,75,1,28.5,0
144,15,66,75,7,2,21
145,15,66,96,2,5.5,17.5
146,15,66,96,9,8.5,34
147,15,66,96,5,12,17.5
148,15,66,96,6,22,4
149,15,66,96,6,23.5,3
150,15,66,96,3,24.5,19
151,15,66,96,9,27,28
152,15,66,96,12,46,3
153,15,66,96,10,47,6.5
154,15,66,96,4,50,0
155,15,66,96,2,53,26.5
156,15,66,96,7,56,4.5
157,15,66,96,3,60,16
158,15,66,96,9,62.5,5.5
159,15,68,124,9,0,0
160,15,68,124,11,26,28,,
161,15,68,124,1,27,37,,
162,15,68,124,8,31,0,,
163,15,68,124,3,33,0,,
164,15,68,124,9,37,47,,
165,15,68,109,10,3,75,,
166,15,68,109,6,7,0,,
167,15,68,111,8,2,0,,
168,15,68,111,4,6,32,,y
169,15,68,111,10,8,54.5,,
170,15,68,111,6,9,8,,
171,15,68,113,10,3,84,,
172,15,68,113,1,3,0,,
173,15,68,113,2,3,50,,
174,15,68,113,2,3,33,,
175,15,68,113,4,3,0,,
176,15,68,113,2,10,0,
177,15,68,113,2,10,22.5,
178,15,68,113,9,14,49,
179,15,68,113,3,17.5,80,
180,15,68,113,10,19,51,
181,15,68,113,7,17,44.5,
182,15,68,113,8,18,40,
183,15,68,113,6,45,0,
184,15,68,141,11,4,18,
185,15,68,141,2,8.5,3.5,y
186,15,68,141,5,13.5,20,
187,15,68,141,11,17.5,11,
188,15,68,141,3,21.5,4.5,y
189,15,68,141,6,25,22.5,
190,15,68,141,2,28.5,21.5,
191,15,68,141,10,30,15.5,
192,15,68,143,6,0.5,51,,
193,15,68,143,3,25,9,,y
194,15,68,143,12,25.5,3.5,y,
195,15,68,143,2,27,3,y,
196,15,68,143,9,27,20,,
197,15,68,143,1,31,14.5,,
198,15,68,143,7,34.5,12,y,
199,15,68,143,9,38,53.5,,
200,15,68,143,12,48,71.5,,
201,15,68,143,9,53.5,31,,
202,15,68,143,9,59.5,39.5,,
203,15,68,143,8,63,20,,y
204,15,68,143,1,66,53,,
205,15,68,143,7,86.5,13,,y
206,15,68,143,12,88.5,19,,y
207,15,68,143,10,94,24,,
208,15,68,143,6,101,6,,
209,15,68,143,6,28,0,,
210,15,68,143,6,55,0,,
211,15,68,143,2,41.5,0,,
212,15,68,143,3,51,0,,
213,15,68,143,3,60,0,,
214,15,68,143,2,97,0,,y
215,15,68,144,7,2.5,0,,y
216,15,68,144,12,5.5,0,,y
217,15,68,144,6,10.5,0,,y
218,15,68,144,9,14.5,0,,y
219,15,68,144,5,25.5,12,,
220,15,68,144,8,29.5,20.5,,
221,15,68,144,4,31,28,y,
222,15,68,144,12,31,0,,y
223,15,68,144,6,36.5,0,,
224,15,68,144,10,39.5,17,y,
225,15,68,144,2,43.5,22,,
226,15,68,144,7,45.5,3.5,y,
227,15,68,144,12,52,3.5,,y
228,15,68,144,5,55,12.5,,
229,15,68,144,9,58,17,,
230,15,68,144,1,62,48,,
231,15,68,144,6,64,0.5,,y
232,15,68,144,9,66.5,0.5,,y
233,15,68,144,3,69.5,30.5,,
234,15,68,144,7,71,7,y,
235,15,68,144,10,73,94.5,,
236,15,68,144,6,75,4,y,
237,15,68,144,9,78,10,y,
238,15,68,144,3,81.5,21,y,
239,15,68,144,8,85,9,y,
240,15,68,144,1,88.5,68.5,,
241,15,68,144,6,90.5,6,,y
242,15,68,144,6,93.5,0,,y
243,15,68,144,10,96.5,55,,
244,15,68,144,3,100,35,y,
245,15,68,144,9,101,16,,y
246,15,68,144,1,101,57.5,,
247,15,68,144,10,101,56,,
248,15,68,144,6,101.5,3.5,y,
249,15,68,144,12,105,3.5,y,
250,15,68,144,6,107.5,4,y,
251,15,68,144,5,110,20,y,
252,15,68,144,9,113.5,16.5,y,
253,15,68,144,2,117.5,48,,
254,15,68,144,7,120.5,31,,
255,15,68,144,9,122,12,y,
256,15,68,144,10,130.5,30,,
257,15,68,144,11,133,13,y,
258,15,68,144,4,133,7,y,
259,15,68,144,9,136,0,,
260,15,68,144,4,138.5,0,,
261,15,68,144,8,143,5,y,
262,15,68,144,12,146.5,13,,
263,15,68,144,3,154,2,y,
264,15,68,144,2,162,5.5,y,
265,15,68,144,11,6.5,0,,
266,15,68,144,2,11,3.5,,y
267,15,68,144,8,14,32.5,,y
268,15,68,144,12,19,43,,
269,15,68,144,4,20,28,,
270,15,68,144,11,24.5,30,,
271,15,68,144,3,28,21,y,
272,15,68,144,9,29.5,40,
273,15,68,144,12,33,33,
274,15,68,144,5,34.5,4,y
275,15,68,144,5,38,64,
276,15,68,144,5,42,26.5,y
277,15,68,144,2,38,52,
278,15,68,144,11,45,39,
279,15,68,144,4,49.5,69.5,
280,15,68,144,9,52,58,
281,15,68,144,1,57,48,
282,15,68,144,6,60,0,
283,15,68,144,10,64,57,
284,15,68,144,3,66.5,91,
285,15,68,144,1,74,73,
286,15,72,42,9,17,0,
287,15,72,42,6,38,0,
288,15,72,42,9,46,9
289,15,72,42,1,50,0
290,15,72,42,6,54,0
291,15,72,42,9,55,0
292,15,72,42,3,60,0
293,15,72,42,12,63,0
294,15,72,42,12,38,0
295,15,72,140,11,6,0
296,15,72,140,5,13,0
297,15,72,140,10,15,0
298,15,72,140,3,23,35
299,15,72,140,9,29,0
300,15,72,140,12,30,0
301,15,72,140,12,38,0
302,15,72,142,1,12,25
303,15,72,142,9,17,30
304,15,72,142,3,22,16,
305,15,72,142,8,27,46,
306,15,72,142,5,32,56,
307,15,72,142,3,36,0,
308,15,72,142,1,25,0,
309,15,72,142,7,15,0,
310,15,72,145,12,0,0,
311,15,72,145,2,7,0,
312,15,72,145,6,13,38,
313,15,72,145,10,16,38,
314,15,72,145,3,20,0,
315,15,72,145,8,24,43,
316,15,72,145,2,26,3,
317,15,72,145,11,29,36,
318,15,72,182,3,9,14,y
319,15,72,182,8,13,4,y
320,15,72,182,2,18,0,
321,15,72,182,6,20,17,
322,15,72,182,10,24,50,
323,15,72,182,3,27,0,
324,15,72,182,6,30,6,y
325,15,72,182,11,34,36,
326,15,72,182,5,37,10,y
327,15,72,182,9,40,73,
328,15,72,182,12,44,4,y
329,15,72,182,2,45,5,y
330,15,72,182,11,6,0,
331,15,72,167,2,4,3,
332,15,72,167,6,9,18,
333,15,72,167,12,13,30,
334,15,72,167,5,15.5,20,
335,15,72,167,9,20,29.5,
336,15,72,167,7,26.5,48,
337,15,72,167,8,26.5,2.5,
338,15,72,167,4,30,71.5,
339,15,72,167,9,30,0,
340,15,72,167,1,30,37,
341,15,72,167,2,32.5,3.5,y
342,15,72,167,6,35,0,
343,15,72,167,10,38.5,49.5,
344,15,72,167,4,41,3,y
345,15,72,167,8,45,35,
346,15,72,167,1,48,7,y
347,15,72,167,5,53,27,
348,15,72,167,9,55,60,
349,15,72,167,3,60,85.5,
350,15,72,167,6,62,75,
351,15,72,167,1,65,51,
352,15,72,148,8,8,47,
353,15,72,148,3,12,31,
354,15,72,148,9,17,32.5,
355,15,72,148,4,21.5,0,
356,15,72,148,1,24,10,y
357,15,72,148,7,27,14,
358,15,72,148,3,29.5,47,
359,15,72,148,12,32,34,
360,15,72,148,6,34,51,
361,15,72,152,9,18,57.5,
362,15,72,152,4,20,12,y
363,15,72,154,6,3,8,y
364,15,72,154,2,7,3.5,y
365,15,72,154,7,9.5,2,y
366,15,72,154,4,12.5,3.5,y
367,15,72,163,6,3,14,y
368,15,72,163,2,7,5.5,y,
369,15,72,163,11,11,4,y,
370,15,72,157,2,2,3,y,
371,15,72,157,7,4.5,2.5,y,
372,15,72,157,3,9,5,y,
373,15,72,157,10,13,49,,
374,15,72,157,5,17,17,,
375,15,72,157,2,21,15.5,,
376,15,72,157,8,24,43,,
377,15,72,157,5,28,18,y,
378,15,72,157,12,30.5,45,,
379,15,72,158,8,1,3,y,
380,15,72,158,4,2.5,3,y,
381,15,72,190,3,22,0,,
382,15,72,190,10,25,31,,
383,15,72,190,6,28,8.5,,y
384,15,72,190,2,37,8.5,y
385,15,72,190,9,40,63.5,
386,15,72,190,4,41.5,0,
387,15,72,190,11,43,0,
388,15,72,190,6,46,0,
389,15,72,190,2,47.5,70.5,
390,15,72,190,5,53.5,37.5,
391,15,72,190,12,32,0,
392,15,72,198,12,3,27.5,
393,15,72,198,3,11.5,0,
394,15,72,198,9,15,80.5,
395,15,72,200,12,0,0,
396,15,72,200,2,6,19,
397,15,72,200,10,9,0,
398,15,72,200,6,11,0,
399,15,72,200,12,15,0,
400,15,72,200,11,18.5,0,,
401,15,72,211,11,,32.5,,
402,15,72,211,2,,0,,
403,15,72,211,9,,0,,
404,15,72,211,3,,0,,
405,15,72,211,12,,2,,y
406,15,72,211,12,,16,,
407,15,72,211,7,,50,,
408,15,72,211,3,,27.5,,y
409,15,72,211,3,31.5,0,,
410,15,72,211,12,33,70.5,,
411,15,72,211,9,38,18,,
412,15,72,211,10,44,28.5,,
413,15,72,211,6,47,0,,
414,15,72,211,12,49,33,,
415,15,72,211,3,55,4.5,y,
416,15,72,211,10,58,15,,
417,15,72,211,6,62,13,,
418,15,72,211,6,63,0,,
419,15,72,211,3,65,88,,
420,15,72,213,4,2,0,,
421,15,72,213,12,8.5,85,,
422,15,72,213,6,12,48.5,,
423,15,72,213,3,17,45.5,,
424,15,72,213,9,21,23,,
425,15,72,213,5,23,9,,y
426,15,72,213,12,27,104,,
427,15,72,213,3,29.5,5,y,
428,15,72,213,3,31.5,84,,
429,15,72,213,9,34,81,,
430,15,72,213,12,39,0,,
431,15,72,213,12,39,0,,
432,15,72,187,4,3,0
433,15,72,187,5,3,0
434,15,72,187,9,7,0
435,15,72,187,5,11,0
436,15,72,187,12,13.5,0
437,15,72,187,7,17,0
438,15,72,187,3,20,0
439,15,72,187,9,23,57
440,15,72,187,9,24,60
441,15,72,187,12,29,0
442,15,73,168,11,83,41
443,15,73,170,12,2,72
444,15,73,170,3,2.5,0
445,15,73,170,3,3,0
446,15,73,170,2,2.5,0
447,15,73,170,11,4,0
448,15,73,170,11,9,3,y
449,15,73,176,4,0.5,14,
450,15,73,176,10,4,36.5,
451,15,73,176,3,9,13,
452,15,73,176,9,13,36,
453,15,73,176,2,16.5,76,
454,15,73,176,11,27,82,
455,15,73,176,11,29,76,
456,15,73,176,1,29,4.5,y
457,15,73,180,8,10,8.5,y
458,15,73,180,3,13,6,y
459,15,73,180,7,18,15.5,y
460,15,73,180,12,20,18,y
461,15,73,180,7,27,43,
462,15,73,180,2,28,10,y
463,15,73,180,10,35,70.5,
464,15,73,180,3,35.5,79,
465,15,73,180,12,40,3.5,y
466,15,73,180,9,45,4,y
467,15,73,180,3,50,16.5,
468,15,73,180,6,53,5,y
469,15,73,180,11,57,11,y
470,15,73,180,4,60,6.5,y
471,15,73,180,6,63,15.5,y
472,15,73,180,12,65.5,29,
473,15,73,180,9,71.5,11,
474,15,73,180,4,71.5,10,
475,15,73,180,3,73.5,4,
476,15,73,180,2,76,23.5,
477,15,73,180,6,88.5,16.5,
478,15,73,180,9,95.9,7,
479,15,73,181,6,4,3.5,
480,15,73,181,9,7,6.5
481,15,73,181,4,13.5,17.5
482,15,73,181,4,27.5,39.5
483,15,73,181,12,31,69
484,15,73,181,9,38,8.5
485,15,73,181,3,41,8
486,15,73,181,2,50,9.5
487,15,73,181,9,56,18
488,15,73,181,3,59,6.5
489,15,73,181,1,65,5
490,15,73,181,1,67,7.5
491,15,73,181,8,67,14
492,15,73,181,4,67.5,2.5
493,15,73,181,2,72,7
494,15,73,181,7,74,14
495,15,73,181,4,89.5,23.5
496,15,73,181,12,90,4.5,,
497,15,73,181,3,92,6.5,,
498,15,73,181,9,95,7,,
499,15,73,181,12,98,10,,
500,15,73,181,1,118,2,,
501,15,73,207,9,8,30,,
502,15,73,207,12,22.5,23.5,,
503,15,73,207,12,26.5,41,,
504,15,73,207,7,29,16.5,,y
505,15,73,207,7,40,15,y,
506,15,73,207,11,40.5,31,y,
507,15,73,207,3,61,5,y,
508,15,73,207,12,70,4,y,
509,15,73,201,6,10.5,14.5,y,
510,15,73,201,11,15,45,,
511,15,73,201,1,16,39,,y
512,15,73,201,12,24,53,,
513,15,73,201,3,29.5,49.5,,
514,15,73,201,9,33,21.5,,y
515,15,73,203,12,0.5,0,,
516,15,73,203,12,0.5,28,y,
517,15,73,203,9,1,3,y,
518,15,73,203,4,5.5,14.5,,
519,15,73,203,10,9,2.5,y,
520,15,73,203,10,9.5,55,,
521,15,73,203,5,14,23.5,y,y
522,15,73,203,5,14.5,25.5,,
523,15,73,203,12,17,34,y,
524,15,73,203,7,21,35.5,,
525,15,73,203,5,25,4.5,y,
526,15,73,203,4,25,81,,
527,15,73,203,10,29,3,y,
528,15,73,203,10,29,63,
529,15,73,203,5,30,71,
530,15,73,203,2,32.5,2.5,y
531,15,73,203,2,33,55,
532,15,73,203,8,34,62,
533,15,73,205,5,4,30.5,y
534,15,73,205,2,6,64,
535,15,73,205,8,9,14,y
536,15,73,205,4,13,41.5,y
537,15,73,205,9,14.5,42,
538,15,73,205,4,18.5,5,y
539,15,73,209,10,0.5,4.5,y
540,15,73,209,6,2,9,y
541,15,73,209,11,4,36,y
542,15,73,209,6,8,19,
543,15,73,209,2,10,61,
544,15,73,209,9,14,35,y
545,15,73,209,5,16,22,
546,15,73,209,10,20,44.5,
547,15,73,209,6,22,9.5,y
548,15,73,209,12,24,46,
549,15,73,209,8,29,6.5,y
550,15,73,209,3,30,44.5,
551,15,73,209,10,32,64.5,
552,15,73,209,9,33,10.5,y
553,15,73,209,2,33,6,y
554,15,73,209,5,32,28,
555,15,73,209,4,36,34,
556,15,73,209,11,38,36,
557,15,73,209,4,41,14.5,y
558,15,73,209,7,46,8,y
559,15,73,209,10,50,4.5,y
560,15,73,209,2,53,4.5,,y
561,15,73,209,4,55,9.5,y,
562,15,73,209,10,57,14.5,y,
563,15,73,209,9,55,9.5,y,
564,15,73,209,3,60,9.5,y,
565,15,73,209,10,62,5,y,
566,15,73,215,7,1,9.5,,
567,15,73,215,3,4.5,8,,
568,15,73,215,9,8,94,,
569,15,73,215,4,13,71,,
570,15,73,215,7,17.5,28,,
571,15,73,215,5,20,8.5,,y
572,15,73,217,6,4,6.5,,y
573,15,73,217,2,7,61,,
574,15,73,217,9,9.5,52.5,,
575,15,73,217,4,11,64,,
576,15,73,217,5,12,5,y
577,15,73,217,1,14.5,53,
578,15,73,217,7,17,32,
579,15,73,217,4,20,38,
580,15,73,217,10,22,40.5,
581,15,73,217,6,24,29,
582,15,73,217,1,28,69.5,
583,15,73,217,9,30,39,
584,15,73,217,5,32,8,y
585,15,73,217,12,35.5,57.5,
586,15,73,217,9,39,67.5,
587,15,73,217,3,39,63.5,
588,15,73,217,11,39,97,
589,15,73,217,8,39,80,
590,15,73,217,0,39,85,
591,15,74,117,2,64,21,y
592,15,74,117,9,66.5,5.5,y
593,15,74,117,3,74,18,y
594,15,74,117,7,75,23,y
595,15,74,117,12,75,23.5,y
596,15,74,117,12,77,2.5,y
597,15,74,117,6,80,4,y
598,15,74,117,1,82.5,12.5,y
599,15,74,117,7,94,3,y
600,15,74,117,4,96,5,y
601,15,74,117,10,97,6,y
602,15,74,171,9,10,9,
603,15,74,171,3,14,5.5,
604,15,74,171,9,19,22,y
605,15,74,171,12,30.5,29,
606,15,74,171,3,36,11,
607,15,74,171,9,38.5,24,
608,15,74,171,12,44,24,
609,15,74,171,7,46.5,16,
610,15,74,171,9,51,25,
611,15,74,171,12,56,11,
612,15,74,171,8,57,0,
613,15,74,171,1,59,9.5,
614,15,74,171,2,66,21,
615,15,74,171,6,73,3.5,
616,15,74,171,1,76,26,
617,15,74,171,7,79,20.5,
618,15,74,171,3,82,5.5,y
619,15,74,171,6,88,34,
620,15,74,171,1,90,13,
621,15,74,171,8,92.5,28.5,
622,15,74,171,3,93,67.5,
623,15,74,171,9,94,84,
624,15,74,171,3,96,4.5,y,
625,15,74,171,11,98.5,19,,
626,15,74,171,6,102,0,,
627,15,74,171,1,105,4.5,,
628,15,74,171,6,108,0,,
629,15,74,171,3,112,16,,
630,15,74,171,9,115.5,14,,
631,15,74,171,1,120,0,,
632,15,74,171,7,121.5,17.5,,
633,15,74,171,4,124,0,,
634,15,74,171,11,127,20.5,,
635,15,74,171,6,128.5,25,,
636,15,74,171,3,129,24,,
637,15,74,171,1,130,5.5,y,
638,15,74,171,3,136,4.5,y,
639,15,74,171,9,139.5,2.5,,y
640,15,74,171,12,148,7,,
641,15,74,171,1,154,6.5,,
642,15,74,171,1,160,3,,
643,15,74,171,1,163.5,2.5,,y
644,15,74,221,7,16,47,,
645,15,74,221,12,16,0,,
646,15,74,221,4,18.5,0,,
647,15,74,221,12,21.5,16,,
648,15,74,221,3,25,3.5,,
649,15,74,221,7,30,59,,
650,15,74,221,12,33,5,y,
651,15,74,221,3,36,3,,
652,15,74,221,11,38,39,,
653,15,74,221,1,42,5.5,y,
654,15,74,221,5,44,33.5,,
655,15,74,221,12,48,71,,
656,15,74,221,3,51,17.5,
657,15,74,221,8,53,36,
658,15,74,221,2,55,54.5,
659,15,74,221,6,55,59,
660,15,74,221,10,56,19,
661,15,74,221,2,59.5,4.5,y
662,15,74,221,6,63,34,
663,15,74,221,1,66.5,46,
664,15,74,221,6,70,34.5,
665,15,74,221,11,72.5,48.5,
666,15,74,221,6,81,28,
667,15,74,221,9,82.5,13,y
668,15,74,221,2,85,15,
669,15,74,221,6,86.5,35,
670,15,74,221,11,90,33.5,
671,15,74,221,3,93,25,
672,15,74,221,10,102,29,,
673,15,74,221,2,104,25,,
674,15,74,221,9,108.5,3.5,y,
675,15,74,221,2,111,4,y,
676,15,74,221,6,113.5,3.5,y,
677,15,74,221,11,117,3,y,
678,15,74,221,2,120,3,y,
679,15,74,221,8,122.5,0,,
680,15,74,146,6,11.5,0,,
681,15,74,146,1,14,0,,
682,15,74,146,9,17,28.5,,y
683,15,74,146,5,21,0,,
684,15,74,146,11,22.5,32,,
685,15,74,146,7,26.5,0,,
686,15,74,146,5,34.5,0,,
687,15,74,146,5,36,45,,
688,15,74,146,12,36,13.5,,
689,15,74,146,1,36.5,4,y,
690,15,74,146,12,36.5,3.5,,
691,15,74,146,1,41.5,0,,
692,15,74,146,6,43,33.5,,
693,15,74,191,11,3.5,0,,
694,15,74,191,6,7,21.5,,
695,15,74,191,2,11,65,,
696,15,74,191,12,18,7.5,y,
697,15,74,191,3,23.5,6,y,
698,15,74,193,5,0,0,,
699,15,74,193,1,11,30,,
700,15,74,193,9,15,0,,
701,15,74,193,5,19.5,0,,
702,15,74,193,7,22.5,0,,
703,15,74,195,10,1.5,26.5,,y
704,15,74,195,6,3.5,0,
705,15,74,195,12,6.5,0,
706,15,74,195,8,10.5,61.5,
707,15,74,195,12,10.5,3,y
708,15,74,197,12,0.5,28.5,
709,15,74,197,8,4,3,
710,15,74,197,2,6.5,31.5,
711,15,74,197,9,10.5,10.5,y
712,15,74,197,10,14.5,24,
713,15,74,197,7,18,40.5,
714,15,74,197,2,22,10,y
715,15,74,197,1,26,45.5,
716,15,74,197,9,29,10,y
717,15,74,197,6,31.5,5.5,y
718,15,74,197,12,34.5,45,
719,15,74,197,8,36.5,6.5,y
720,15,74,197,5,38.5,29,
721,15,74,197,6,40,72,
722,15,74,197,10,40,16.5,y
723,15,74,197,6,45,4,y
724,15,74,197,1,47,26,
725,15,74,197,8,50.5,7,y
726,15,74,197,5,54,5,y
727,15,74,197,12,57,27,
728,15,74,197,6,58.5,0,
729,15,74,197,3,62,22,y
730,15,74,197,9,63.5,38.5,
731,15,74,197,6,64,42,
732,15,74,197,2,64,30,
733,15,74,197,10,65,13,y
734,15,74,197,6,65.5,4.5,y
735,15,74,197,1,70,23,y
736,15,74,197,7,73,4,y
737,15,74,197,6,76,3,y
738,15,74,197,10,81,21,
739,15,74,197,12,86.5,8,
740,15,74,197,3,92,6,y
741,15,74,197,9,95,2.5,
742,15,74,197,12,96,20,y
743,15,74,197,9,97,4,y
744,15,74,197,5,98,0,
745,15,74,197,11,101,6,y
746,15,74,197,6,102.5,7.5,y
747,15,74,197,8,107,6,y
748,15,74,197,6,111,11.5,y
749,15,74,197,3,115.5,4,y
750,15,74,197,12,122,4,y
751,15,74,197,5,128,3.5,y
752,15,74,210,12,5.5,0
753,15,74,210,9,12.5,63.5
754,15,74,189,12,11.5,0
755,15,74,189,7,13.5,0
756,15,74,189,3,15.5,0
757,15,74,189,4,22.5,0
758,15,74,189,12,26,0
759,15,74,189,2,31,0
760,15,74,189,2,39,0
761,15,74,189,2,47,39
762,15,74,189,2,48,46
763,15,74,186,5,10,0
764,15,74,186,12,11,0
765,15,74,186,3,15.5,0
766,15,74,186,9,23,26
767,15,74,186,7,40.5,0
768,15,74,186,9,48.5,0
769,15,74,186,4,53,0
770,15,74,186,1,54,0
771,15,74,186,6,57,0
772,15,74,186,2,58,0
773,15,74,186,5,66,0
774,15,74,186,3,72.5,0
775,15,74,186,6,80.5,0
776,15,74,186,11,85,0
777,15,74,238,2,2,0
778,15,74,238,3,10,0
779,15,74,238,12,11,0
780,15,74,238,12,15,0
781,15,74,238,3,15,0
782,15,74,238,1,18,0
783,15,74,238,10,25,0
784,15,74,57,1,11,0,
785,15,74,57,4,15.5,0,
786,15,74,57,0,21,0,
787,15,74,2,3,10.5,0,
788,15,74,2,9,15,0,y
789,15,74,228,8,7.5,15,
790,15,74,228,3,15,47,
791,15,74,228,6,24,4,y
792,15,74,228,2,32,18.5,
793,15,74,228,8,37,57,
794,15,74,228,2,42,20,
795,15,74,228,11,45,75,
796,15,74,228,6,51,24.5,
797,15,74,228,2,53.5,25,
798,15,74,228,9,57,56,
799,15,74,228,3,59.5,101,
800,15,74,228,8,66,3.5,y
801,15,74,228,1,69,13,
802,15,74,228,12,72,69,
803,15,74,232,9,1,2,y
804,15,74,232,6,4,2,y
805,15,74,232,12,9,34,
806,15,74,232,6,12,2.5,y
807,15,74,232,3,16,51,
808,15,74,232,9,18.5,35,
809,15,74,232,5,22,3.5,
810,15,74,232,1,25,42,
811,15,74,232,7,28,6,y
812,15,74,232,5,31.5,2.5,y
813,15,74,232,10,34,47,
814,15,74,232,7,35.5,45.5,
815,15,74,232,2,36,0,
816,15,74,232,10,37,6,y,
817,15,74,230,12,5,14.5,y,
818,15,74,230,7,8.5,24,,
819,15,74,230,8,17,52,,
820,15,74,230,4,20,6.5,y,
821,15,74,230,12,23,33,,
822,15,74,230,6,25,30,,
823,15,74,230,3,27,21.5,,
824,15,74,230,9,29,75,,
825,15,74,230,6,33,0,,
826,15,74,230,3,36,17,,
827,15,74,230,11,38,34,,
828,15,74,230,6,43.5,36,,
829,15,74,230,1,46,47,,
830,15,74,230,6,49,17,,y
831,15,74,230,3,50.5,49.5,y,
832,15,74,230,11,54,70,,
833,15,74,230,7,56.5,117,,
834,15,74,230,3,57.5,98,,
835,15,74,260,4,1,0,,
836,15,74,260,11,4.5,0,,
837,15,74,260,2,14,14.5,,y
838,15,74,260,9,23,0,,
839,15,74,260,12,29,66,,
840,15,74,260,9,31,63,,
841,15,74,262,9,1.5,0,,
842,15,74,262,3,6,2.5,y,
843,15,74,262,10,13,120,,
844,15,74,262,5,14.5,7.5,y,
845,15,74,262,2,19.5,38,,
846,15,74,262,9,22,27.5,,
847,15,74,262,3,24.5,13.5,,
848,15,74,262,12,28,44.5,,
849,15,74,262,7,30,30.5,,
850,15,74,262,3,31,2,,y
851,15,74,5,3,26.5,24,,
852,15,74,5,6,29,0,,
853,15,74,5,1,34,0,,
854,15,74,5,8,39,0,,
855,15,74,5,4,41.5,0,,
856,15,74,5,10,45,0,,
857,15,74,5,7,48,0,,
858,15,74,5,3,51,0,,
859,15,74,5,9,53,0,,
860,15,74,5,6,57,0,,
861,15,74,5,1,57,22,,
862,15,74,5,1,59,0,,
863,15,74,5,9,60,0,,
864,15,74,5,4,77,0,,
865,15,74,5,6,72,0,,
866,15,74,5,8,84,15,,y
867,15,74,5,4,88,81.5,,
868,15,74,5,9,90,43,,
869,15,74,5,5,94,54,,
870,15,74,5,6,95,0,,
871,15,74,5,12,98,0,,
872,15,74,5,9,101,49.5,,
873,15,74,5,2,102,54.5,,
874,15,74,5,3,105,0,,
875,15,74,5,11,106,0,,
876,15,74,5,9,107,26,,
877,15,74,5,3,70,0,,
878,15,74,5,9,74,0,,
879,15,74,5,0,107,0,,
880,15,74,3,12,16.5,0,,
881,15,74,3,11,14,0,,
882,15,74,3,10,14,0,,
883,15,74,3,9,7,0,,
884,15,74,3,8,8.5,0,,
885,15,74,3,6,7.5,0,,
886,15,74,240,3,4,0,,
887,15,74,240,12,11.5,0,,
888,15,74,240,6,15,0,,
889,15,74,240,6,19,0,,
890,15,74,240,5,20.5,0,,
891,15,74,240,0,23,0,,
892,15,74,243,9,2,87,,
893,15,74,243,5,3,0,,
894,15,74,243,1,8,0,,
895,15,74,243,7,9,34.5,,y
896,15,74,243,4,11.5,38.5,,
897,15,74,243,12,22.5,35.5,,
898,15,74,243,0,24,18,,y
899,15,74,18,9,3,0,,
900,15,74,18,6,6,0,,
901,15,74,18,12,7.5,0,,
902,15,74,18,9,10,0,,
903,15,74,18,12,15.5,0,,
904,15,74,73,9,1,0,,
905,15,74,73,2,7,0,,
906,15,74,73,2,11.5,0,,
907,15,74,73,10,13.5,0,,
908,15,74,147,12,6.5,0,,
909,15,74,147,3,16.5,0,,
910,15,74,147,2,23.5,0,,
911,15,74,147,8,28,49,,y
912,15,74,147,3,29,42
913,15,74,147,11,33,0
914,15,74,6,7,16,0
915,15,74,6,4,20.5,0
916,15,74,6,6,28.5,0
917,15,74,6,12,40.5,55
918,15,74,6,11,48.5,52
919,15,74,6,5,52,0
920,15,74,6,1,55,0
921,15,74,6,4,60,0
922,15,74,6,12,64,0
923,15,74,6,7,66,0
924,15,74,6,3,69.5,0
925,15,74,4,9,9,0
926,15,74,4,6,12,0
927,15,74,4,9,19,0
928,15,74,241,9,9.5,25.5,
929,15,74,251,9,10.5,0,
930,15,74,251,4,14,0,
931,15,74,251,7,19,0,
932,15,74,251,2,33,0,
933,15,75,251,0,36,0,
934,15,75,247,11,7,1.5,y
935,15,75,247,1,14,17,
936,15,75,247,6,12.5,0,
937,15,75,247,1,16,0,
938,15,75,247,4,20,0,
939,15,75,247,3,24,3.5,y
940,15,75,247,9,27,21,
941,15,75,247,6,50,1.5,y
942,15,75,247,2,54,36,
943,15,75,247,10,58,9,
944,15,75,247,5,62,33,,
945,15,75,247,1,65,22.5,,
946,15,75,247,7,68.5,4.5,y,
947,15,75,247,4,71.5,66,,
948,15,75,247,6,75,107,,
949,15,75,247,11,74,55,,y
950,15,75,247,0,77,133,,
951,15,75,253,4,12.5,26.5,,
952,15,75,253,11,24,0,,
953,15,75,255,4,7,98,,
954,15,75,255,10,6,2,y,
955,15,75,255,3,20,22,,
956,15,75,255,8,19,6,y,
957,15,75,255,1,24,28,,
958,15,75,255,7,28,48.5,,
959,15,75,255,11,34,52,,
960,15,75,255,3,31,1,y
961,15,75,255,1,38,15.5,
962,15,75,257,1,3,3.5,y
963,15,75,257,2,8,4,y
964,15,75,257,7,6,43,
965,15,75,257,12,17,15,
966,15,75,257,6,20,65,
967,15,75,257,9,25,51,
968,15,75,257,2,23,52,
969,15,75,257,4,29,13,
970,15,75,257,12,31,102,
971,15,75,257,12,30,3,y
972,15,75,259,3,1,11,
973,15,75,259,12,4,127,
974,15,75,259,12,5.5,2,y
975,15,75,259,10,11,94,
976,15,75,259,1,21,0,,y
977,15,75,259,3,30,19,,
978,15,75,259,11,31,27.5,,
979,15,75,259,1,31.5,29,,
980,15,75,259,7,32,56,,
981,15,75,259,3,34,0,,
982,15,75,259,9,36.5,53,,
983,15,75,259,2,44.5,2,y,
984,15,75,259,12,45,2,y,
985,15,75,259,4,46,3,y,
986,15,75,259,1,48,4,y,
987,15,75,259,7,50.5,11,y,
988,15,75,259,4,53,5,y,y
989,15,75,259,11,56.5,20,y,
990,15,75,259,7,58,17,y,
991,15,75,259,3,62,2,y,
992,15,75,259,10,63.5,3,y
993,15,75,259,3,66,3.5,y
994,15,75,259,1,68,1.5,y
995,15,75,259,8,70.5,2,y
996,15,75,259,4,72,1.5,y
997,15,75,259,12,72,2.5,y
998,15,75,259,6,74,1,y
999,15,75,259,7,76,1,y
1000,15,75,259,1,78.5,2,y
1001,15,75,259,9,81,1,y
1002,15,75,259,2,83,1.5,y
1003,15,75,223,2,0.5,75,
1004,15,75,223,11,3,115,
1005,15,75,223,6,17.5,57,
1006,15,75,223,10,22.5,26,
1007,15,75,223,8,27.5,81,
1008,15,75,223,1,32.5,28,,
1009,15,75,223,11,39.5,143,,
1010,15,75,223,9,13,0,,
1011,15,75,223,6,34.5,85,,
1012,15,75,225,9,18,137,,
1013,15,75,225,9,10,0,,
1014,15,75,218,4,2,97,,
1015,15,75,218,7,7,71,,
1016,15,75,218,6,13,13,,
1017,15,75,218,9,15,115,,
1018,15,75,218,3,17.5,20.5,,
1019,15,75,218,12,24,1,y,y
1020,15,75,218,12,11.5,0,,
1021,15,75,218,7,22,11,y,
1022,15,75,220,4,2,10.5,,
1023,15,75,220,7,3,32,,
1024,15,75,220,7,4,22,,y
1025,15,75,220,3,10,37,,
1026,15,75,220,7,12,23,,y
1027,15,75,220,1,15,60,,
1028,15,75,220,10,27,93,,
1029,15,75,220,3,27,96,,
1030,15,75,220,10,29,91,,
1031,15,75,220,3,29,79,,
1032,15,75,220,2,36,102,,
1033,15,75,220,6,31,3,y,y
1034,15,75,220,7,38,20,,
1035,15,75,222,9,11,32,,
1036,15,75,222,9,14,30,,
1037,15,75,222,3,15,85,,
1038,15,75,222,9,16,1,y,
1039,15,75,222,2,16.5,1.5,y,
1040,15,75,222,2,19,75,
1041,15,75,222,6,24,24,
1042,15,75,222,10,27,65,
1043,15,75,222,1,37,56,
1044,15,75,222,1,41,39,
1045,15,75,222,11,54,67,
1046,15,75,222,7,53,41,
1047,15,75,222,11,53.5,2,y
1048,15,75,222,11,54.5,7,y
1049,15,75,222,2,54.5,1,y
1050,15,75,222,0,56,90,
1051,15,103,249,3,7,36.5,
1052,15,103,249,2,15.5,0,
1053,15,103,249,7,21,32,
1054,15,103,249,1,22.5,21.5,
1055,15,103,249,8,22.5,0,
1056,15,103,249,6,24,0,
1057,15,103,249,1,26,4.5,y
1058,15,103,249,8,30,0,
1059,15,103,249,4,33.5,58,
1060,15,103,249,12,37,0,
1061,15,103,249,9,42,0,
1062,15,103,249,3,46,48.5,
1063,15,103,249,6,52,46,
1064,15,103,249,9,56,0,
1065,15,103,249,3,58,65,
1066,15,103,249,12,59,0,
1067,15,103,249,7,61.5,0,
1068,15,103,249,1,62,5,y
1069,15,103,249,9,62,0,
1070,15,103,249,12,63,0,y
1071,15,103,249,9,66.5,0,
1072,15,103,249,5,69,0,,
1073,15,103,249,12,73,8.5,,
1074,15,103,249,8,75.5,0,,
1075,15,103,249,3,77,14.5,,
1076,15,103,249,10,80.5,18,y,
1077,15,103,252,8,33,0,,
1078,15,103,252,12,36,0,,
1079,15,103,252,5,40,14,,
1080,15,103,252,9,42.5,0,,
1081,15,103,252,1,45,2,y,
1082,15,103,252,7,48,15.5,y,
1083,15,103,252,1,50.5,0,,
1084,15,103,252,6,54,76,,y
1085,15,103,252,3,58,24,,
1086,15,103,252,9,58,120,,
1087,15,103,252,1,63,100,,
1088,15,103,252,5,67,0,
1089,15,103,252,9,70,7.5,y
1090,15,103,252,3,73,10,y
1091,15,103,252,8,77,19.5,y
1092,15,103,252,12,79,30,y
1093,15,103,252,5,84,28,y
1094,15,103,252,9,88,17,y
1095,15,103,252,3,92,17,y
1096,15,103,252,7,94,20,y
1097,15,103,252,12,95,24.5,y
1098,15,103,252,4,99,40.5,
1099,15,103,252,9,99,89.5,
1100,15,103,252,0,100,81,
1101,15,103,252,1,55,2,y
1102,15,103,231,6,4,0,
1103,15,103,231,3,7,0,
1104,15,103,231,9,11.5,59,,
1105,15,103,231,4,15,0,,
1106,15,103,231,12,19,114,,
1107,15,103,231,6,21,37,,
1108,15,103,231,3,24,16.5,,
1109,15,103,231,2,31,22.5,,
1110,15,103,231,3,33,4,y,
1111,15,103,231,9,33,84,,
1112,15,103,231,0,34,82,,
1113,15,103,245,7,0,0,,
1114,15,103,245,3,4,7,,y
1115,15,103,245,9,8,42,,
1116,15,103,245,4,13,0,,
1117,15,103,245,11,14.5,41,,y
1118,15,103,245,3,20,0,,
1119,15,103,245,12,18.5,12,,y
1120,15,103,245,12,20,20.5,
1121,15,103,248,6,5.5,0,
1122,15,103,248,12,8,20,
1123,15,103,248,9,12,0,
1124,15,103,242,12,7,0,
1125,15,103,242,7,11,0,
1126,15,103,242,12,21,3.5,y
1127,15,103,242,3,24,99.5,
1128,15,103,242,8,23.5,76,
1129,15,103,242,12,23.5,0,
1130,15,103,242,9,23.5,0,
1131,15,103,242,3,25,0,
1132,15,103,242,9,29,28,
1133,15,103,242,6,33,23.5,y
1134,15,103,242,12,39,72.5,
1135,15,103,242,3,53,60,
1136,15,103,242,1,57,65.5,
1137,15,103,242,6,57,80.5,
1138,15,103,242,0,57.5,102,
1139,15,103,244,7,3.5,6,y
1140,15,103,244,3,9,57.5,
1141,15,103,244,4,20.5,51,
1142,15,103,244,12,35.5,69,
1143,15,103,244,3,35.5,0,
1144,15,103,244,6,35.5,0,
1145,15,103,244,9,35.5,0,
1146,15,103,244,3,38,0,
1147,15,103,244,10,42,78,
1148,15,103,244,0,42,84,
1149,15,103,263,2,2,0,
1150,15,103,263,8,6,0,
1151,15,103,263,3,10,0,
1152,15,103,263,10,15,16.5,,
1153,15,103,263,12,28,30,y,
1154,15,103,263,3,33,5.5,y,
1155,15,103,263,10,34,85,,y
1156,15,103,263,6,34,0,,
1157,15,103,263,11,37,56,,
1158,15,103,263,6,40,0,,
1159,15,103,263,1,44,56,,
1160,15,103,263,9,47,53,,
1161,15,103,263,3,50,94,,y
1162,15,103,263,11,53,70,,y
1163,15,103,263,12,62,44,,
1164,15,103,263,4,61.5,42,,
1165,15,103,263,9,62.5,19,y,
1166,15,103,263,4,63,55,,
1167,15,103,263,6,68,34,,y
1168,15,103,263,2,85,44,,y
1169,15,103,263,5,85.5,66,,
1170,15,103,263,9,84.5,14,y,
1171,15,103,263,12,90.5,23.5,y,
1172,15,103,263,6,94,10.5,y,
1173,15,103,263,7,107.5,16,y,
1174,15,103,263,12,107.5,50,,
1175,15,103,263,0,108,65.5,,
1176,15,103,246,9,1,23.5,,
1177,15,103,246,4,6,77.5,,
1178,15,103,246,11,9,75,,
1179,15,103,246,6,15,26,,y
1180,15,103,246,1,28,63,,
1181,15,103,246,10,29,0,,
1182,15,103,246,6,29,0,,
1183,15,103,246,12,34,40,,
1184,15,103,246,7,37,31,,y
1185,15,103,246,3,41,30.5,,
1186,15,103,246,9,45,61,,
1187,15,103,246,4,48,46,,
1188,15,103,246,12,51,51.5,,
1189,15,103,246,3,63,65,,
1190,15,103,246,0,63.5,73,,y
1191,15,103,219,4,7,0,,
1192,15,103,219,8,7,0,,
1193,15,103,219,2,9.5,0,,
1194,15,103,219,7,13,65,,y
1195,15,103,219,11,16,26,,y
1196,15,103,219,1,21,0,,
1197,15,103,219,6,25,103,,
1198,15,103,219,12,27,0,,
1199,15,103,219,4,30.5,39,,
1200,15,103,219,11,34,27,,
1201,15,103,219,4,41,33,,
1202,15,103,219,2,42,21.5,y,y
1203,15,103,219,11,42.5,53,,y
1204,15,103,219,4,43,7.5,y,
1205,15,103,219,11,44.5,3,y,
1206,15,103,219,3,48,26,,
1207,15,103,219,9,51.5,27,,
1208,15,103,219,2,55,5,y,
1209,15,103,219,6,60,46,,
1210,15,103,219,12,63,16,,
1211,15,103,219,3,66,9.5,,y
1212,15,103,219,10,68.5,0,,
1213,15,103,219,2,72,19,,
1214,15,103,219,9,75,29,,
1215,15,103,219,12,78,0,,
1216,15,103,219,3,80,22,y,
1217,15,103,219,9,80,23,,
1218,15,103,219,6,82,23,,
1219,15,103,219,0,82,20,,y
1220,15,103,229,4,6,0,,
1221,15,103,229,12,9,3,y,
1222,15,103,229,7,13,0,,
1223,15,103,229,4,17,17.5,,
1224,15,103,229,10,19,0,,
1225,15,103,229,9,26,34,,
1226,15,103,229,1,29,48,,
1227,15,103,229,12,32,5,y,
1228,15,103,229,7,34.5,15.5,y,
1229,15,103,229,5,43,38,,
1230,15,103,229,10,52.5,57,,
1231,15,103,229,2,54,78,,
1232,15,103,229,6,53.5,61,,
1233,15,103,229,8,55,0,,
1234,15,103,229,4,60,0,,
1235,15,103,229,10,63,3,y,
1236,15,103,229,5,67,4,y,
1237,15,103,229,7,74,4.5,y,
1238,15,103,229,4,77,11,y,
1239,15,103,229,10,80,17,,
1240,15,103,229,7,83,10.5,y,
1241,15,103,229,2,86,43,,
1242,15,103,229,4,91,18,,
1243,15,103,229,6,94,32,,
1244,15,103,229,0,95,10.5,,y
1245,15,103,229,12,71,38,,
1246,15,103,229,,,38.5,,
1247,15,103,254,7,8,0,,
1248,15,103,254,4,12,0,
1249,15,103,254,8,26,0,
1250,15,103,254,5,30,31,
1251,15,103,254,11,32,46,
1252,15,103,254,7,33,54,
1253,15,103,254,3,34,2,y
1254,15,103,254,9,37,13,y
1255,15,103,254,5,39.5,5,y
1256,15,103,254,12,44,49,
1257,15,103,254,6,48.5,22,
1258,15,103,254,3,52.5,0,
1259,15,103,254,12,53,0,
1260,15,103,254,9,55,27,
1261,15,103,254,12,62,14.5,y
1262,15,103,254,2,67,20,
1263,15,103,254,4,69,32,
1264,15,103,254,9,69,16,,y
1265,15,103,254,2,70,3.5,y,
1266,15,103,254,10,71,3,y,
1267,15,103,254,4,73,5,y,
1268,15,103,254,12,78,43,,
1269,15,103,254,0,78,21.5,,y
1270,15,122,258,6,3.5,2.5,y,
1271,15,122,258,4,7,26,,
1272,15,122,258,10,21.5,96,,
1273,15,122,258,5,25,26,,
1274,15,122,258,8,27,36,,
1275,15,122,258,1,29,23,,y
1276,15,122,258,9,32,43.5,,
1277,15,122,258,3,35,45,,
1278,15,122,258,10,45,16.5,,
1279,15,122,258,5,45,40,,
1280,15,122,258,6,45,33,,
1281,15,122,256,3,5,5,y,
1282,15,122,256,4,14,84,,
1283,15,122,256,9,28,15,,
1284,15,122,256,3,34,79,,
1285,15,122,256,12,35,69,,y
1286,15,122,256,9,35,4,y,
1287,15,122,256,3,40,87,,y
1288,15,122,256,9,41,31,,
1289,15,122,256,6,45,45,,
1290,15,122,256,11,47,66,,
1291,15,122,256,0,47,34.5,,
1292,15,122,250,6,5,3,y,
1293,15,122,250,2,8,0,,
1294,15,122,250,9,14,15.5,,
1295,15,122,250,12,24,0,,
1296,15,122,250,7,27.5,0,
1297,15,122,250,3,32,4,y
1298,15,122,250,10,35,18.5,
1299,15,122,250,1,43,0,
1300,15,122,250,9,46,0,
1301,15,122,250,6,50,68,
1302,15,122,250,12,52.5,63,
1303,15,122,250,8,54,3,y
1304,15,122,250,2,54.5,14,
1305,15,122,250,11,54,64,
1306,15,122,250,0,55,95,
1307,15,122,250,6,5,0,
1308,15,122,227,6,3,52.5,
1309,15,122,227,12,6,0,
1310,15,122,227,4,10,6,y
1311,15,122,227,9,14,63.5,
1312,15,122,227,2,18,0,
1313,15,122,227,6,23,1,y
1314,15,122,227,12,27,3,y
1315,15,122,227,4,30,38,
1316,15,122,227,9,31,22.5,
1317,15,122,227,2,34,68,
1318,15,122,227,11,36.5,115.5,
1319,15,122,227,3,37,105,
1320,15,122,227,6,35,56,
1321,15,122,227,8,36,68,
1322,15,122,227,0,37,131,
1323,15,122,224,8,9.5,30,
1324,15,122,224,1,14,1,y
1325,15,122,224,5,21,35,
1326,15,122,224,9,26,0,
1327,15,122,224,3,30.5,14,y
1328,15,122,224,8,36,42,,
1329,15,122,224,2,38,2,,y
1330,15,122,224,6,44.5,32,,
1331,15,122,224,11,49,29,,
1332,15,122,224,4,55,68,,
1333,15,122,224,8,56,52,,
1334,15,122,224,1,59,36.5,,
1335,15,122,224,5,62.5,68,,
1336,15,122,224,10,66,121,,
1337,15,122,224,12,67,128,,
1338,15,122,224,3,67,128,,
1339,15,122,224,7,67,84,,y
1340,15,122,224,0,67.5,121,,
1341,15,122,226,4,7,8,y,
1342,15,122,226,7,17,0,,
1343,15,122,226,12,19,1,y,
1344,15,122,226,5,24,24,
1345,15,122,226,10,27,45,
1346,15,122,226,3,30,75.5,
1347,15,122,226,8,33,89,
1348,15,122,226,12,34,64.5,
1349,15,122,226,4,36,1,y
1350,15,122,226,9,44,1,y
1351,15,122,226,1,48,1,y
1352,15,122,226,10,53,2,y
1353,15,122,226,4,57,3,y
1354,15,122,226,8,61,1,y
1355,15,122,226,1,65,1,y
1356,15,122,226,5,68,2,y
1357,15,122,226,11,71,2.5,y
1358,15,122,226,5,74,5,y
1359,15,122,226,9,77.5,25,
1360,15,122,226,2,80,53,,
1361,15,122,226,7,80,48,,
1362,15,122,226,3,81.5,79,,
1363,15,122,226,12,81,67.5,,
1364,15,122,226,0,82.5,50,,
1365,15,122,226,9,40,0,,
1366,15,122,264,3,3,66,,
1367,15,122,264,9,4,22,,
1368,15,122,264,4,7,14,,
1369,15,122,264,6,13,13,,
1370,15,122,264,3,17,25,,
1371,15,122,264,12,24,24,,
1372,15,122,264,9,28,33.5,,
1373,15,122,264,12,32,68,,
1374,15,122,264,5,32,57,,y
1375,15,122,264,8,33,93,,
1376,15,122,264,8,36,1.5,y,
1377,15,122,264,2,39,6.5,y,
1378,15,122,264,8,42,17,y,
1379,15,122,264,4,45,27,,
1380,15,122,264,9,49,61,,
1381,15,122,264,1,55.5,20,,
1382,15,122,264,9,58,51,,
1383,15,122,264,5,61,57,,
1384,15,122,264,12,64,26,,
1385,15,122,264,12,,50.5,,
1386,15,122,264,8,67,41,y,
1387,15,122,264,4,68,4,y,
1388,15,122,264,12,71,62.5,,
1389,15,122,264,7,73,34,,y
1390,15,122,264,2,74,48.5,,
1391,15,122,264,7,74.5,18,,
1392,15,122,264,2,75,4,y,
1393,15,122,264,3,76,8,y,
1394,15,122,264,8,79,44,,
1395,15,122,264,4,83,61,,
1396,15,122,264,1,86,68,,
1397,15,122,264,7,88,11,y,
1398,15,122,264,2,91,50,,
1399,15,122,264,5,95,23,,
1400,15,122,264,11,98,33,,y
1401,15,122,264,7,99,28.5,,
1402,15,122,264,2,101,50,,y
1403,15,122,264,10,101,29,,y
1404,15,122,264,0,102,26,,y
1405,15,122,261,9,2,0,,y
1406,15,122,261,4,7,23,,
1407,15,122,261,12,11,75,,
1408,15,122,261,10,27,42.5,
1409,15,122,261,1,39,4,
1410,15,122,261,9,40,5.5,y
1411,15,122,261,3,42.5,20.5,
1412,15,122,261,9,46,6.5,y
1413,15,122,261,6,49,7,
1414,15,122,261,12,54,31,
1415,15,122,261,7,57,4.5,
1416,15,122,261,4,60,7.5,y
1417,15,122,261,10,62.5,22,
1418,15,122,261,6,66,13.5,
1419,15,122,261,2,68.5,23.5,
1420,15,122,261,8,71,0,
1421,15,122,261,6,78,20,
1422,15,122,261,1,78.5,27,
1423,15,122,261,6,80,3.5,y
1424,15,122,261,12,82.5,6,
1425,15,122,261,7,85.5,11.5,
1426,15,122,261,5,88.5,5.5,y
1427,15,122,261,6,93.5,4,
1428,15,122,261,6,101,3,y
1429,15,122,261,1,103.5,4.5,
1430,15,122,261,9,105,5,y
1431,15,122,239,8,4.5,9.5,
1432,15,122,239,3,9.5,34,
1433,15,122,239,9,13.5,18,
1434,15,122,239,4,17.5,29,
1435,15,122,239,12,20,60,
1436,15,122,239,10,26.5,0,
1437,15,122,239,6,29,58.5,
1438,15,122,239,3,34.5,0,
1439,15,122,239,9,37,0,
1440,15,122,239,3,41.5,0,,
1441,15,122,239,4,47,0,,
1442,15,122,239,8,57.5,1.5,y,
1443,15,122,239,5,58,0,,y
1444,15,122,239,10,59,11,,
1445,15,122,239,6,61,2,y,
1446,15,122,239,1,63.5,44,,
1447,15,122,239,0,64,36,,
1448,15,122,235,6,5.5,53,,
1449,15,122,235,11,9,0,,
1450,15,122,235,9,16.5,0,,
1451,15,122,235,2,17.5,13.5,,
1452,15,122,235,9,19.5,0,,y
1453,15,122,235,6,24,28.5,,
1454,15,122,235,9,27.5,38,,
1455,15,122,235,6,31.5,38.5,,
1456,15,122,235,3,46.5,2,,
1457,15,122,235,10,47,2.5,y,
1458,15,122,235,6,47,0,,y
1459,15,122,235,6,59.5,28.5,,
1460,15,122,235,12,59.5,25.5,,
1461,15,122,235,6,62,29,,
1462,15,122,235,12,65.5,19.5,,
1463,15,122,235,9,68,2.5,,
1464,15,122,235,5,71.5,23.5,,
1465,15,122,235,11,76,0,,y
1466,15,122,235,12,87.5,6,,
1467,15,122,234,12,3.5,15.5,,
1468,15,122,234,6,7.5,40.5,,
1469,15,122,234,2,10.5,12.5,,
1470,15,122,234,9,13.5,77.5,,
1471,15,122,234,4,17.5,15,y,
1472,15,122,234,12,20.5,32,,
1473,15,122,234,3,23,2.5,,
1474,15,122,234,10,25.5,11,,
1475,15,122,234,5,28,33.5,,
1476,15,122,234,1,30,3.5,,
1477,15,122,234,9,30.5,20,,
1478,15,122,234,6,30.5,60,,
1479,15,122,234,2,32,2,y,
1480,15,122,234,3,36.5,9.5,y,
1481,15,122,237,2,4.5,0,,y
1482,15,122,237,9,7.5,5,,
1483,15,122,237,4,12.5,0,,
1484,15,122,237,1,26.5,33.5,,
1485,15,122,237,2,27.5,0,,
1486,15,122,236,8,0.5,0,,
1487,15,122,236,3,3.5,8,,
1488,15,122,236,10,8,0,,
1489,15,122,236,5,11,0,,y
1490,15,122,236,1,15.5,92,,
1491,15,122,236,7,18.5,8,,
1492,15,122,236,3,21,2,y,
1493,15,122,236,11,24,43,,
1494,15,122,236,3,28.5,2,,
1495,15,122,236,9,31,3,y,
1496,15,122,236,6,33.5,0,,y
1497,15,122,236,3,36,0,,
1498,15,122,236,10,36,32.5,,
1499,15,122,236,4,41,0,,y
1500,15,122,236,9,44.5,2,y,
1501,15,122,236,6,48,5.5,y,
1502,15,122,236,12,50.5,18.5,,
1503,15,122,236,9,57,13.5,,
1504,15,122,236,6,58,18.5,
1505,15,122,236,1,58.5,37,
1506,15,122,236,0,59,52,
1507,15,122,233,6,4,39,
1508,15,122,233,12,7,29.5,
1509,15,122,233,6,11,22,
1510,15,122,233,2,13.5,68.5,
1511,15,122,233,9,16.5,65.5,
1512,15,122,233,7,29,78,
1513,15,122,233,0,29.5,75.5,
1514,15,180,36,6,0,7.5,y
1515,15,180,36,12,2,0,
1516,15,180,36,6,5.5,0,
1517,15,180,36,2,25.5,1.5,y
1518,15,180,36,4,26,32.5,
1519,15,180,36,8,26,4.5,y
1520,15,180,36,12,27,0,y,y
1521,15,180,36,1,30,10,y,
1522,15,180,36,7,32.5,5.5,y,
1523,15,180,36,1,37,12,y,
1524,15,180,36,7,40,0,,y
1525,15,180,36,3,44,13,y,
1526,15,180,36,12,46.5,38,,
1527,15,180,36,0,46.5,28.5,,
1528,15,180,59,3,1,10,,
1529,15,180,59,9,5,1,y,
1530,15,180,59,11,10,13.5,,y
1531,15,180,59,5,15,24,,
1532,15,180,59,0,15.5,21,,y
1533,15,180,41,12,2,0,,
1534,15,180,41,4,7,1,y,
1535,15,180,41,12,13,26,,
1536,15,180,41,6,17.5,0,y,
1537,15,180,41,7,27,16.5,,
1538,15,180,41,4,32,21.5,,y
1539,15,180,41,11,33.5,38,,
1540,15,180,41,6,43,9,y,
1541,15,180,41,10,97,34,,
1542,15,180,41,0,97,20.5,,y
1543,15,180,69,10,0.5,7,y,
1544,15,180,69,6,2.5,3.5,y,
1545,15,180,69,6,7,6.5,y,
1546,15,180,69,1,10.5,8,y,
1547,15,180,69,3,14.5,7,y,
1548,15,180,69,7,19.5,21.5,,
1549,15,180,69,2,22.5,3.5,y,
1550,15,180,69,4,25.5,7.5,,
1551,15,180,69,3,29,4,y,
1552,15,180,69,5,29.5,1,y,
1553,15,180,69,1,31,25,,
1554,15,180,69,0,31,25,,
1555,15,180,45,1,4.5,11,,
1556,15,180,45,12,27,18.5,,
1557,15,180,45,0,27,26,,
1558,15,180,48,3,0.5,3.5,y,
1559,15,180,48,12,2,3.5,y,
1560,15,180,48,6,6,1.5,,y
1561,15,180,48,11,10,18.5,,
1562,15,180,48,3,14.5,33,,
1563,15,180,48,0,14.5,29.5,,
1564,15,180,34,3,4.5,5,y,
1565,15,180,34,12,6,0,y,y
1566,15,180,34,8,9,2,,y
1567,15,180,34,2,14,21,,
1568,15,180,34,0,14,38.5,,
1569,15,180,28,9,5,,,
1570,15,180,28,6,23.5,31,,
1571,15,180,28,12,25,24,,
1572,15,180,28,9,25,32.5,,
1573,15,180,28,12,34,50,,
1574,15,180,28,0,34,2,,y
1575,15,180,38,12,3,4,y,
1576,15,180,38,7,4,19.5,,
1577,15,180,38,2,9,0,,
1578,15,180,38,8,12,40,,
1579,15,180,38,1,16.5,20,,
1580,15,180,38,3,21,0,,y
1581,15,180,38,1,22,20,,
1582,15,180,38,10,22,2,y,
1583,15,180,38,1,37,25,,
1584,15,180,38,0,37,17,
1585,15,180,72,3,5.5,30,
1586,15,180,72,9,5.5,23,
1587,15,180,61,12,0.5,3,y
1588,15,180,61,5,3.5,5,y
1589,15,180,61,9,8,20,y
1590,15,180,61,0,13,55,
1591,15,180,62,12,2.5,16,
1592,15,180,62,6,7,28,
1593,15,180,62,0,7,30,
1594,15,180,29,6,2,1,y
1595,15,180,29,1,6.5,34,
1596,15,180,29,9,12,7.5,y
1597,15,180,29,2,17,17.5,
1598,15,180,29,0,17,32,
1599,15,180,52,7,2,22.5,
1600,15,180,52,10,6,18.5,,
1601,15,180,52,3,9,8.5,,y
1602,15,180,52,0,9,60,,
1603,15,180,54,9,6,30,,
1604,15,180,54,1,24,1.5,y,
1605,15,180,54,6,27,7,y,
1606,15,180,54,3,45,3,y,
1607,15,180,54,0,45,33,,
1608,15,180,54,4,2,1.5,y,
1609,15,180,50,3,0.5,2,y,
1610,15,180,50,7,3.5,17,y,
1611,15,180,50,2,7.5,3,y,
1612,15,180,50,3,12,2,,y
1613,15,180,50,9,24,15.5,y,
1614,15,180,50,0,24,29,,
1615,15,180,31,3,0.5,17,,
1616,15,180,31,2,1,0,,
1617,15,180,31,10,7,48,,
1618,15,180,31,4,0,3,y,
1619,15,180,31,2,16.5,35,,
1620,15,180,31,8,21,18.5,,
1621,15,180,31,0,21,28,,
1622,15,180,31,8,2,1.5,y,
1623,15,180,88,12,2,1,,y
1624,15,180,88,8,4,4.5,y,
1625,15,180,88,1,10.5,29.5,,
1626,15,180,88,0,10.5,42,,
1627,15,180,23,4,20.5,3,,
1628,15,180,23,11,21.5,13,,
1629,15,180,23,12,28,1.5,y,
1630,15,180,23,3,32,10,,
1631,15,180,23,9,34,11,,y
1632,15,180,23,1,38,2,y,
1633,15,180,23,11,46,9,,y
1634,15,180,23,9,49,3,,y
1635,15,180,23,9,67,22.5,,
 ,15,180,23,0,67,19,,y
1637,15,180,35,9,4,21.5,,y
1638,15,180,35,3,7,2,y,
1639,15,180,35,7,9,22,,y
1640,15,180,35,2,12,39.5,,
1641,15,180,35,6,14,0,,
1642,15,180,35,2,19,11,,
1643,15,180,35,5,20.5,1,,y
1644,15,180,20,7,12,0,,
1645,15,180,20,2,16,14,,
1646,15,180,20,8,18,0,,
1647,15,180,20,5,21,4,,y
1648,15,180,20,11,24,17,,
1649,15,180,20,7,28,32,,y
1650,15,180,24,6,0.5,4,,y
1651,15,180,24,1,1,9,,y
1652,15,180,24,9,2,3.5,y,
1653,15,180,24,3,3,4,y,
1654,15,180,24,1,7,3,,y
1655,15,180,24,6,12,19.5,,y
1656,15,180,24,0,12,23,,y
1657,15,184,64,3,0.5,10,,
1658,15,184,64,8,4,41,,
1659,15,184,64,11,34,25,,
1660,15,184,64,1,35.5,13.5,,y
1661,15,184,64,7,37,13,,
1662,15,184,64,9,40,17,,
1663,15,184,64,3,43.5,19,,
1664,15,184,64,0,43.5,16.5,
1665,15,184,67,12,0.5,3,y
1666,15,184,67,4,1,3,y
1667,15,184,67,2,3.5,32.5,
1668,15,184,67,9,7,14.5,
1669,15,184,67,3,16.5,3,y
1670,15,184,67,12,18,3,y
1671,15,184,67,0,18,17.5,
1672,15,184,32,6,3,2.5,y
1673,15,184,32,3,4.5,3.5,y
1674,15,184,32,9,15,4.5,y
1675,15,184,32,12,13,3,y
1676,15,184,32,6,15,13.5,
1677,15,184,32,1,29,4,y
1678,15,184,32,0,29,14,
1679,15,184,40,7,10,43,
1680,15,184,40,11,14,0,,
1681,15,184,40,6,18,9,,y
1682,15,184,40,4,29.5,4,,y
1683,15,184,40,12,34,2,,y
1684,15,184,40,5,34,1.5,,y
1685,15,184,40,6,35,0,,
1686,15,184,40,6,41,12,,y
1687,15,184,40,9,33,0,,
1688,15,184,64,11,44,4.5,y,
1689,15,184,64,9,48,2,,y
1690,15,184,64,12,51,3,y,
1691,15,184,64,10,55,9,,
1692,15,184,64,12,65.5,6,,
1693,15,184,64,0,66,11,,
1694,15,184,15,6,3,15,,y
1695,15,184,15,9,11,10.5,,
1696,15,184,15,5,14,43,,
1697,15,184,15,0,21.5,0,,
1698,15,184,102,3,9,28,,
1699,15,184,102,9,11,0,,
1700,15,184,104,3,1,0,,
1701,15,184,104,9,2,27,,
1702,15,184,104,3,3.5,1,y,
1703,15,184,104,12,7,26,,
1704,15,184,104,4,11,12.5,,y
1705,15,184,127,6,1,0,,
1706,15,184,127,1,1.5,29,,
1707,15,184,127,12,3,0,,
1708,15,184,127,3,4,0,,
1709,15,184,129,3,3,17.5,,
1710,15,184,139,6,2,0,,
1711,15,184,139,2,6,46,,
1712,15,184,139,2,14,36.5,,
1713,15,184,139,9,16,5,,y
1714,15,184,139,5,20,56,,
1715,15,184,106,6,4,23,,y
1716,15,184,106,6,18,0,,
1717,15,184,106,3,21,0,,
1718,15,184,106,10,21,51,,
1719,15,184,106,10,21.5,26,,
1720,15,184,106,1,21.5,9.5,y,
1721,15,184,106,7,21.5,18,,
1722,15,184,106,3,25,14,,
1723,15,184,43,9,1,3.5,,y
1724,15,184,43,3,7.5,11,,
1725,15,184,43,6,12,0,,
1726,15,184,43,12,17,0,,
1727,15,184,43,5,26,0,,
1728,15,184,46,3,2.5,3.5,y,
1729,15,184,46,9,5,1.5,y,
1730,15,184,47,9,4,38,,
1731,15,184,47,3,6.5,21,,
1732,15,184,47,6,6.5,5,y,
1733,15,184,47,9,8,0,,
1734,15,184,47,3,10,0,,
1735,15,184,47,8,13.5,8,,y
1736,15,184,49,6,3.5,29,,
1737,15,184,51,5,3,23,,
1738,15,184,53,2,3,0,,
1739,15,184,55,5,6,0,,
1740,15,184,94,3,6,71,,
1741,15,184,94,1,42,25,,
1742,15,184,94,3,42,18.5,,
1743,15,184,94,5,42,18.5,,
1744,15,184,94,10,42,44,
1745,15,184,76,12,1,39,
1746,15,184,76,3,22,12,
1747,15,184,76,10,26,63,
1748,15,184,76,1,29.5,22,
1749,15,184,76,0,29.5,7.5,y
1750,15,184,102,8,0.5,4,y
1751,15,184,102,11,6,24,
1752,15,184,102,5,9,16.5,y
1753,15,184,102,12,13,25,y
1754,15,184,102,7,16,12,y
1755,15,184,97,6,4.5,3.5,y
1756,15,184,97,12,8,57,
1757,15,184,97,7,12.5,46,
1758,15,184,100,5,1.5,63,
1759,15,184,100,5,11,81,
1760,15,184,100,2,12,16.5,y
1761,15,184,100,8,13.5,2.5,y
1762,15,184,100,4,16,17.5,
1763,15,184,100,10,18.5,62,
1764,15,184,100,5,22,54,
1765,15,184,100,7,28,60,
1766,15,184,100,7,39,2.5,y
1767,15,184,71,9,3.5,29,
1768,15,184,71,10,20,0,
1769,15,184,71,9,28.5,16,
1770,15,184,71,1,29,40,
1771,15,184,71,10,30,31,
1772,15,184,71,3,33,2,y
1773,15,184,71,7,37,23.5,
1774,15,184,71,10,40,30.5,
1775,15,184,71,5,44,22,
1776,15,184,71,9,46,0,
1777,15,184,71,3,49.5,24,
1778,15,184,71,8,53,23.5,
1779,15,184,78,6,2,3,
1780,15,184,78,10,3,21,
1781,15,184,78,3,5,6.5,
1782,15,184,78,12,9.5,47,
1783,15,184,78,12,11,19,
1784,15,184,78,9,11.5,29.5,
1785,15,184,78,3,13,2,y
1786,15,184,78,6,16,29,
1787,15,184,78,7,37.5,1,y
1788,15,184,78,8,40.5,22,y
1789,15,184,78,3,44.5,10,y
1790,15,184,78,0,44.5,28,
1791,15,184,19,4,12,0,
1792,15,184,19,12,18,0
1793,15,184,19,5,19,0
1794,15,184,19,10,29,0
1795,15,184,19,6,29,0
1796,15,184,19,10,32,0
1797,15,184,19,7,36,0
1798,15,184,19,4,37,0
1799,15,184,19,10,44,0
1800,15,184,19,6,45,0
1801,15,184,19,1,48,0
1802,15,184,19,9,51,0
1803,15,184,19,5,24,0
1804,15,184,19,12,53,0
1805,15,184,25,2,2,0
1806,15,184,25,6,4,0
1807,15,184,25,12,7,10
1808,15,184,25,8,11.5,0,,
1809,15,184,27,6,6.5,32,,y
1810,15,184,27,11,8.5,5,,
1811,15,184,27,8,12.5,15.5,,y
1812,15,184,30,10,4.5,14,,y
1813,15,184,30,6,6,18.5,,y
1814,15,184,30,12,10,0,,
1815,15,184,30,0,20,0,,
1816,15,184,30,6,21.5,0,,
1817,15,184,14,3,2,1,y,
1818,15,184,14,9,8,27,,
1819,15,184,14,6,11,0,,
1820,15,184,14,1,16,30,,
1821,15,184,14,2,17,20,,y
1822,15,184,14,8,21,19.5,,
1823,15,184,14,9,22,2,y,
1824,15,184,14,2,27,12,,y
1825,15,184,14,11,35,1,y,
1826,15,184,14,10,36,11.5,,y
1827,15,184,14,4,39,11,,
1828,15,184,14,1,41.5,33,,
1829,15,184,14,7,44,0,,
1830,15,184,14,3,47,0,,
1831,15,184,14,6,30,0,,
1832,15,184,14,3,33,0,,
1833,15,184,137,6,6,2,,y
1834,15,184,137,3,10.5,2,,y
1835,15,184,137,8,15.5,8.5,,y
1836,15,184,137,4,20,2,,y
1837,15,184,137,9,28.5,38,,
1838,15,184,137,3,32,18.5,,
1839,15,184,137,1,42.5,2.5,,y
1840,15,184,137,6,46,7.5,,y
1841,15,184,137,4,47,2,,y
1842,15,184,137,11,47.5,25,,y
1843,15,184,137,5,50,2,y,
1844,15,184,137,12,53,2.5,y,
1845,15,184,137,4,73,33.5,y,
1846,15,184,137,12,75,27,y,
1847,15,184,137,8,75,24.5,y,
1848,15,184,137,0,75,42.5,,
1849,15,184,98,12,0.5,13,y,
1850,15,184,98,9,4,14,y,
1851,15,184,98,4,7,27,y,
1852,15,184,98,1,23.5,2,y,
1853,15,184,98,3,24.5,7,y,
1854,15,184,98,10,24.5,4,y,
1855,15,184,98,7,26,17,y,
1856,15,184,98,12,29,50,,
1857,15,184,98,8,32,6,y,
1858,15,184,98,2,36,24,y,
1859,15,184,98,8,39.5,14,y,
1860,15,184,98,4,43.5,9.5,y,
1861,15,184,98,10,45.5,13.5,,y
1862,15,184,98,1,51,21,y,
1863,15,184,98,4,54.5,4.5,y,
1864,15,184,98,10,56,37,y,
1865,15,184,98,2,56.5,3,y,
1866,15,184,98,11,57.5,11,y,
1867,15,184,98,1,62,14.5,y,
1868,15,184,98,9,65,0,,
1869,15,184,98,11,71,16,y,
1870,15,184,98,0,71,42,,
1871,15,184,101,9,0.5,3,y,
1872,15,184,101,6,2.5,18.5,y
1873,15,184,101,12,7,23.5,y
1874,15,184,101,6,10,21.5,y
1875,15,184,101,2,26,26.5,y
1876,15,184,101,6,26,44,
1877,15,184,101,4,26.5,2,y
1878,15,184,101,10,27,0,
1879,15,184,101,2,33,12,y
1880,15,184,101,9,36,18,y
1881,15,184,101,6,39,5,y
1882,15,184,101,11,42,27,
1883,15,184,101,10,50,10,y
1884,15,184,101,12,54,16.5,y
1885,15,184,101,3,55,3,y
1886,15,184,101,8,55,29,y
1887,15,184,101,2,31,0,
1888,15,184,79,3,23.5,22,,
1889,15,184,79,8,25,23.5,,
1890,15,184,79,11,29,37,,
1891,15,184,79,5,31,36,,
1892,15,184,79,10,35,28,,
1893,15,184,79,4,38,63,,
1894,15,184,79,9,54,0,,
1895,15,184,79,11,72,54,,
1896,15,184,84,3,20,23,,y
1897,15,184,84,9,20.5,36,y,
1898,15,184,84,5,25,40,,
1899,15,184,84,10,28,9,,
1900,15,184,84,3,32,33,,
1901,15,184,84,9,34,28,,
1902,15,184,84,6,50,25,,
1903,15,184,84,0,50,16.5,,
1904,15,184,99,12,20,3.5,y,
1905,15,184,99,8,20,12,y,
1906,15,184,99,4,20,6,y,
1907,15,184,99,11,21.5,7,y,
1908,15,184,99,5,25,13.5,y,
1909,15,184,99,1,28.5,41,,y
1910,15,184,99,0,28.5,26,,y
1911,15,184,56,1,5,36,,
1912,15,184,56,9,10,32,,
1913,15,184,56,4,16,0,,
1914,15,184,56,1,20,19,,y
1915,15,184,56,11,29,42,,
1916,15,184,56,4,35,0,,
1917,15,184,56,1,35,10,y,
1918,15,184,56,5,41,25,,
1919,15,184,56,10,44,34.5,,
1920,15,184,56,1,48,12.5,,y
1921,15,184,56,12,54,2,y,
1922,15,184,56,10,57,3,y,
1923,15,184,56,4,64.5,17,,
1924,15,184,56,8,71,0,,
1925,15,184,56,2,74,0,,
1926,15,184,56,9,79,1.5,y,
1927,15,184,56,3,82,21,,y
1928,15,184,56,7,84,21,,
1929,15,184,56,0,84,62,,
1930,15,184,21,12,1,17.5,,
1931,15,184,21,7,3.5,25.5,,
1932,15,184,22,6,2,8,,
1933,15,184,22,6,3,0,,
1934,15,184,33,11,4.5,0,,
1935,15,184,33,2,9,0,,
1936,15,184,33,4,8,0
1937,15,184,33,10,13,0
1938,15,184,33,5,20,17.5
1939,15,184,33,7,24,8
1940,15,184,26,10,12,19
1941,15,184,26,3,16.5,9
1942,15,184,26,0,16.5,22